/*
 Navicat MySQL Data Transfer

 Source Server         : xc
 Source Server Type    : MySQL
 Source Server Version : 80023
 Source Host           : 47.108.192.109:3306
 Source Schema         : xc_product

 Target Server Type    : MySQL
 Target Server Version : 80023
 File Encoding         : 65001

 Date: 02/06/2024 16:59:00
*/

SET NAMES utf8mb4;
SET FOREIGN_KEY_CHECKS = 0;

-- ----------------------------
-- Table structure for brand
-- ----------------------------
DROP TABLE IF EXISTS `brand`;
CREATE TABLE `brand`  (
  `id` bigint NOT NULL,
  `brand_name` varchar(255) CHARACTER SET utf8mb4 COLLATE utf8mb4_general_ci NOT NULL COMMENT '品牌名',
  `image_id` bigint NOT NULL COMMENT '图片id',
  `deleted` tinyint NOT NULL DEFAULT 0,
  `create_time` datetime(0) NOT NULL DEFAULT CURRENT_TIMESTAMP(0),
  `update_time` datetime(0) NOT NULL DEFAULT CURRENT_TIMESTAMP(0) ON UPDATE CURRENT_TIMESTAMP(0),
  `creater` bigint NOT NULL,
  `updater` bigint NOT NULL,
  PRIMARY KEY (`id`) USING BTREE,
  UNIQUE INDEX `name`(`brand_name`) USING BTREE
) ENGINE = InnoDB CHARACTER SET = utf8mb4 COLLATE = utf8mb4_general_ci ROW_FORMAT = Dynamic;

-- ----------------------------
-- Records of brand
-- ----------------------------
INSERT INTO `brand` VALUES (1790368723276345345, 'nike', 1796884796500652033, 0, '2024-05-14 21:09:02', '2024-06-01 20:41:38', 1790297174534524928, 1790297174534524928);
INSERT INTO `brand` VALUES (1790922119888691201, 'adidas', 1796884939329286145, 0, '2024-05-16 09:48:01', '2024-06-01 20:42:11', 1790297174534524928, 1790297174534524928);
INSERT INTO `brand` VALUES (1790922383416786946, 'puma', 1791089471807074305, 0, '2024-05-16 09:49:04', '2024-06-02 10:47:57', 1790297174534524928, 1790297174534524928);
INSERT INTO `brand` VALUES (1791424030924546049, 'apple', 1791089471807074305, 0, '2024-05-17 19:02:27', '2024-05-27 22:39:41', 1790297174534524928, 1790297174534524928);
INSERT INTO `brand` VALUES (1795024532575219714, '鸿星尔克', 1791089471807074305, 1, '2024-05-27 17:29:34', '2024-05-27 22:39:43', 1792188141227216896, 1792188141227216896);
INSERT INTO `brand` VALUES (1795103383225475073, '李宁', 1796885073450545154, 0, '2024-05-27 22:42:53', '2024-06-01 20:42:41', 1792188141227216896, 1792188141227216896);
INSERT INTO `brand` VALUES (1796284458643492865, 'Prada', 1796293688770998273, 0, '2024-05-31 04:56:02', '2024-06-01 20:57:02', 1792188141227216896, 1792188141227216896);
INSERT INTO `brand` VALUES (1796901125908074498, '测试4', 1796933439060488193, 1, '2024-06-01 21:46:27', '2024-06-02 11:44:01', 1792188141227216896, 1792188141227216896);
INSERT INTO `brand` VALUES (1796949163401809921, 'diptyque', 1796949157051150338, 1, '2024-06-02 00:57:20', '2024-06-02 02:02:05', 1792188141227216896, 1792188141227216896);
INSERT INTO `brand` VALUES (1796962248535576577, 'Champion', 1796962221397946370, 0, '2024-06-02 01:49:20', '2024-06-02 01:49:20', 1792188141227216896, 1792188141227216896);
INSERT INTO `brand` VALUES (1796962697821032449, 'Etonic', 1796962688270118913, 0, '2024-06-02 01:51:07', '2024-06-02 01:51:07', 1792188141227216896, 1792188141227216896);
INSERT INTO `brand` VALUES (1796962866629185537, 'Jordan', 1796962861964636162, 0, '2024-06-02 01:51:48', '2024-06-02 01:51:48', 1792188141227216896, 1792188141227216896);
INSERT INTO `brand` VALUES (1796963034707529730, 'K-swiss', 1796963031070584834, 0, '2024-06-02 01:52:28', '2024-06-02 01:52:28', 1792188141227216896, 1792188141227216896);
INSERT INTO `brand` VALUES (1796963197077426178, 'New Balance', 1796963193809580034, 0, '2024-06-02 01:53:06', '2024-06-02 01:53:06', 1792188141227216896, 1792188141227216896);
INSERT INTO `brand` VALUES (1796963676100497410, '安踏', 1796963670974574594, 0, '2024-06-02 01:55:01', '2024-06-02 01:55:01', 1792188141227216896, 1792188141227216896);
INSERT INTO `brand` VALUES (1796963936944263170, '贵人鸟', 1796963933185683458, 0, '2024-06-02 01:56:03', '2024-06-02 01:56:03', 1792188141227216896, 1792188141227216896);
INSERT INTO `brand` VALUES (1796964189583970306, 'Salomon', 1796964186077048833, 0, '2024-06-02 01:57:03', '2024-06-02 01:57:03', 1792188141227216896, 1792188141227216896);
INSERT INTO `brand` VALUES (1796964610339770369, 'La Sportiva', 1796964604714725377, 0, '2024-06-02 01:58:43', '2024-06-02 01:58:43', 1792188141227216896, 1792188141227216896);
INSERT INTO `brand` VALUES (1796964731710345217, 'ON', 1796964727888850945, 0, '2024-06-02 01:59:12', '2024-06-02 01:59:12', 1792188141227216896, 1792188141227216896);
INSERT INTO `brand` VALUES (1796978693902438401, '回力', 1796978688164147201, 0, '2024-06-02 02:54:41', '2024-06-02 02:54:41', 1792188141227216896, 1792188141227216896);
INSERT INTO `brand` VALUES (1796980359267618817, 'converse', 1796980352468168705, 0, '2024-06-02 03:01:18', '2024-06-02 03:01:18', 1792188141227216896, 1792188141227216896);
INSERT INTO `brand` VALUES (1796980615963217922, 'dickies', 1796980609532866561, 0, '2024-06-02 03:02:19', '2024-06-02 03:02:19', 1792188141227216896, 1792188141227216896);
INSERT INTO `brand` VALUES (1796987920511406081, 'CRKE', 1796987915259654145, 0, '2024-06-02 03:31:21', '2024-06-02 03:31:21', 1792188141227216896, 1792188141227216896);
INSERT INTO `brand` VALUES (1796988891299844097, 'HLA', 1796988886845009922, 0, '2024-06-02 03:35:12', '2024-06-02 03:35:12', 1792188141227216896, 1792188141227216896);
INSERT INTO `brand` VALUES (1797103528406159362, 'CAMEL', 1797103522533650434, 0, '2024-06-02 11:10:44', '2024-06-02 11:10:44', 1792188141227216896, 1792188141227216896);
INSERT INTO `brand` VALUES (1797111302326325249, '妙侣', 1797111297787604993, 0, '2024-06-02 11:41:37', '2024-06-02 11:41:37', 1792188141227216896, 1792188141227216896);
INSERT INTO `brand` VALUES (1797112017316745217, 'SENDA', 1797111989017292802, 0, '2024-06-02 11:44:28', '2024-06-02 11:44:28', 1792188141227216896, 1792188141227216896);
INSERT INTO `brand` VALUES (1797114801671901186, 'SENMA', 1797114797309341697, 0, '2024-06-02 11:55:32', '2024-06-02 11:55:32', 1792188141227216896, 1792188141227216896);

-- ----------------------------
-- Table structure for category
-- ----------------------------
DROP TABLE IF EXISTS `category`;
CREATE TABLE `category`  (
  `id` bigint NOT NULL AUTO_INCREMENT,
  `parent_id` bigint NULL DEFAULT NULL COMMENT '父目录，为空则为一级目录',
  `category_name` varchar(255) CHARACTER SET utf8mb4 COLLATE utf8mb4_general_ci NOT NULL,
  `sequence` int NULL DEFAULT 0 COMMENT '指定顺序',
  `deleted` tinyint NOT NULL DEFAULT 0 COMMENT '不为空则已删除',
  `creater` bigint NOT NULL,
  `updater` bigint NOT NULL,
  `updated_time` datetime(0) NOT NULL DEFAULT CURRENT_TIMESTAMP(0) ON UPDATE CURRENT_TIMESTAMP(0),
  `create_time` datetime(0) NOT NULL DEFAULT CURRENT_TIMESTAMP(0),
  PRIMARY KEY (`id`) USING BTREE,
  UNIQUE INDEX `唯一`(`parent_id`, `category_name`) USING BTREE
) ENGINE = InnoDB AUTO_INCREMENT = 1796973205882146819 CHARACTER SET = utf8mb4 COLLATE = utf8mb4_general_ci ROW_FORMAT = Dynamic;

-- ----------------------------
-- Records of category
-- ----------------------------
INSERT INTO `category` VALUES (1796234191881375746, NULL, '女休闲鞋', 0, 0, 1792188141227216896, 1792188141227216896, '2024-05-31 01:36:18', '2024-05-31 01:36:18');
INSERT INTO `category` VALUES (1796247911877578753, 1796234191881375746, '老爹鞋', 0, 1, 1792188141227216896, 1792188141227216896, '2024-05-31 02:33:56', '2024-05-31 02:30:49');
INSERT INTO `category` VALUES (1796249151168581633, 1796234191881375746, '测试鞋', 0, 1, 1792188141227216896, 1792188141227216896, '2024-05-31 02:38:22', '2024-05-31 02:35:44');
INSERT INTO `category` VALUES (1796249452499963906, 1796234191881375746, '测试2', 0, 1, 1792188141227216896, 1792188141227216896, '2024-05-31 02:42:50', '2024-05-31 02:36:56');
INSERT INTO `category` VALUES (1796250006001291266, 1796234191881375746, '测试3', 0, 1, 1792188141227216896, 1792188141227216896, '2024-05-31 02:43:29', '2024-05-31 02:39:08');
INSERT INTO `category` VALUES (1796251162974883842, 1790949077892648961, '测试4', 0, 1, 1792188141227216896, 1792188141227216896, '2024-05-31 02:43:55', '2024-05-31 02:43:44');
INSERT INTO `category` VALUES (1796251288975970305, NULL, '111', 0, 1, 1792188141227216896, 1792188141227216896, '2024-05-31 02:44:24', '2024-05-31 02:44:14');
INSERT INTO `category` VALUES (1796251478277492738, NULL, '222', 0, 1, 1792188141227216896, 1792188141227216896, '2024-05-31 02:45:53', '2024-05-31 02:44:59');
INSERT INTO `category` VALUES (1796251538423812098, NULL, '333', 0, 1, 1792188141227216896, 1792188141227216896, '2024-05-31 02:49:12', '2024-05-31 02:45:14');
INSERT INTO `category` VALUES (1796251656183091202, NULL, '444', 0, 1, 1792188141227216896, 1792188141227216896, '2024-05-31 02:49:09', '2024-05-31 02:45:42');
INSERT INTO `category` VALUES (1796251802287476738, NULL, '555', 0, 1, 1792188141227216896, 1792188141227216896, '2024-05-31 02:49:08', '2024-05-31 02:46:17');
INSERT INTO `category` VALUES (1796252296405848065, NULL, '666', 0, 1, 1792188141227216896, 1792188141227216896, '2024-05-31 02:49:05', '2024-05-31 02:48:14');
INSERT INTO `category` VALUES (1796252481454346241, NULL, '777', 0, 1, 1792188141227216896, 1792188141227216896, '2024-05-31 02:49:03', '2024-05-31 02:48:58');
INSERT INTO `category` VALUES (1796253463454158850, NULL, '女单鞋', 0, 0, 1792188141227216896, 1792188141227216896, '2024-05-31 02:52:53', '2024-05-31 02:52:53');
INSERT INTO `category` VALUES (1796253505955041282, NULL, '时尚女靴', 0, 1, 1792188141227216896, 1792188141227216896, '2024-06-02 04:51:30', '2024-05-31 02:53:03');
INSERT INTO `category` VALUES (1796253557876330497, NULL, '男休闲鞋', 0, 0, 1792188141227216896, 1792188141227216896, '2024-05-31 02:53:15', '2024-05-31 02:53:15');
INSERT INTO `category` VALUES (1796253641259094017, NULL, '时尚男靴', 0, 1, 1792188141227216896, 1792188141227216896, '2024-06-02 04:51:37', '2024-05-31 02:53:35');
INSERT INTO `category` VALUES (1796253692572209153, NULL, '男商务鞋', 0, 0, 1792188141227216896, 1792188141227216896, '2024-05-31 02:53:47', '2024-05-31 02:53:47');
INSERT INTO `category` VALUES (1796253899095543809, 1796253463454158850, '玛丽珍鞋', 0, 0, 1792188141227216896, 1792188141227216896, '2024-05-31 02:54:36', '2024-05-31 02:54:36');
INSERT INTO `category` VALUES (1796253931836280833, 1796253463454158850, '平底鞋', 0, 0, 1792188141227216896, 1792188141227216896, '2024-05-31 02:54:44', '2024-05-31 02:54:44');
INSERT INTO `category` VALUES (1796253974760787970, 1796253463454158850, '尖头鞋', 0, 0, 1792188141227216896, 1792188141227216896, '2024-05-31 02:54:55', '2024-05-31 02:54:55');
INSERT INTO `category` VALUES (1796254027822927874, 1796234191881375746, '帆布鞋', 0, 0, 1792188141227216896, 1792188141227216896, '2024-05-31 02:55:07', '2024-05-31 02:55:07');
INSERT INTO `category` VALUES (1796254063143161857, 1796253463454158850, '小白鞋', 0, 0, 1792188141227216896, 1792188141227216896, '2024-05-31 02:55:16', '2024-05-31 02:55:16');
INSERT INTO `category` VALUES (1796883840266932226, 1796253692572209153, '男士皮鞋', 0, 0, 1792188141227216896, 1792188141227216896, '2024-06-01 20:37:46', '2024-06-01 20:37:46');
INSERT INTO `category` VALUES (1796891075290337282, 1796253505955041282, '小皮鞋', 0, 1, 1792188141227216896, 1792188141227216896, '2024-06-01 21:09:24', '2024-06-01 21:06:31');
INSERT INTO `category` VALUES (1796961901561778178, NULL, '测试', 0, 1, 1792188141227216896, 1792188141227216896, '2024-06-02 11:31:07', '2024-06-02 01:47:57');
INSERT INTO `category` VALUES (1796963682740080642, NULL, '男运动鞋', 0, 0, 1792188141227216896, 1792188141227216896, '2024-06-02 01:55:02', '2024-06-02 01:55:02');
INSERT INTO `category` VALUES (1796964039411109890, 1796963682740080642, '跑步鞋', 0, 0, 1792188141227216896, 1792188141227216896, '2024-06-02 01:56:27', '2024-06-02 01:56:27');
INSERT INTO `category` VALUES (1796964091454033921, 1796963682740080642, '篮球鞋', 0, 0, 1792188141227216896, 1792188141227216896, '2024-06-02 01:56:40', '2024-06-02 01:56:40');
INSERT INTO `category` VALUES (1796964121191649281, 1796963682740080642, '足球鞋', 0, 0, 1792188141227216896, 1792188141227216896, '2024-06-02 01:56:47', '2024-06-02 01:56:47');
INSERT INTO `category` VALUES (1796966128153530369, 1796253557876330497, '老爹鞋', 0, 0, 1792188141227216896, 1792188141227216896, '2024-06-02 02:04:45', '2024-06-02 02:04:45');
INSERT INTO `category` VALUES (1796968230665850881, NULL, '女运动鞋', 0, 0, 1792188141227216896, 1792188141227216896, '2024-06-02 02:13:06', '2024-06-02 02:13:06');
INSERT INTO `category` VALUES (1796971530593243137, 1796234191881375746, '板鞋', 0, 0, 1792188141227216896, 1792188141227216896, '2024-06-02 02:26:13', '2024-06-02 02:26:13');
INSERT INTO `category` VALUES (1796971607369977858, 1796234191881375746, '渔夫鞋', 0, 0, 1792188141227216896, 1792188141227216896, '2024-06-02 02:26:31', '2024-06-02 02:26:31');
INSERT INTO `category` VALUES (1796971876635906049, 1796968230665850881, '篮球鞋', 0, 0, 1792188141227216896, 1792188141227216896, '2024-06-02 02:27:36', '2024-06-02 02:27:36');
INSERT INTO `category` VALUES (1796971910379081729, 1796968230665850881, '足球鞋', 0, 0, 1792188141227216896, 1792188141227216896, '2024-06-02 02:27:44', '2024-06-02 02:27:44');
INSERT INTO `category` VALUES (1796971969174835202, 1796968230665850881, '老爹鞋', 0, 0, 1792188141227216896, 1792188141227216896, '2024-06-02 02:27:58', '2024-06-02 02:27:58');
INSERT INTO `category` VALUES (1796972069221568513, 1796968230665850881, '登山鞋', 0, 0, 1792188141227216896, 1792188141227216896, '2024-06-02 02:28:22', '2024-06-02 02:28:22');
INSERT INTO `category` VALUES (1796972730482954241, 1796253557876330497, '帆布鞋', 0, 0, 1792188141227216896, 1792188141227216896, '2024-06-02 02:30:59', '2024-06-02 02:30:59');
INSERT INTO `category` VALUES (1796972779371761666, 1796253557876330497, '椰子鞋', 0, 0, 1792188141227216896, 1792188141227216896, '2024-06-02 02:31:11', '2024-06-02 02:31:11');
INSERT INTO `category` VALUES (1796973105298542594, 1796253692572209153, '牛津鞋', 0, 0, 1792188141227216896, 1792188141227216896, '2024-06-02 02:32:29', '2024-06-02 02:32:29');
INSERT INTO `category` VALUES (1796973205882146818, 1796253692572209153, '德比鞋', 0, 0, 1792188141227216896, 1792188141227216896, '2024-06-02 02:32:53', '2024-06-02 02:32:53');

-- ----------------------------
-- Table structure for standard_product_unit
-- ----------------------------
DROP TABLE IF EXISTS `standard_product_unit`;
CREATE TABLE `standard_product_unit`  (
  `id` bigint NOT NULL,
  `spu_name` varchar(255) CHARACTER SET utf8mb4 COLLATE utf8mb4_general_ci NOT NULL,
  `brand_id` bigint NOT NULL,
  `category_id` bigint NOT NULL,
  `sales` int NULL DEFAULT 0 COMMENT '销量',
  `main_images_id` varchar(1024) CHARACTER SET utf8mb4 COLLATE utf8mb4_general_ci NOT NULL COMMENT '主图list',
  `content` varchar(255) CHARACTER SET utf8mb4 COLLATE utf8mb4_general_ci NOT NULL COMMENT '描述，json',
  `content_images_id` varchar(1024) CHARACTER SET utf8mb4 COLLATE utf8mb4_general_ci NOT NULL COMMENT '详情图list',
  `main_video_id` bigint NULL DEFAULT NULL COMMENT '视频id',
  `min_price` int NOT NULL DEFAULT 0 COMMENT '最低价(among all the skues)',
  `num` int NOT NULL DEFAULT 0 COMMENT '库存',
  `available` tinyint NOT NULL DEFAULT 0 COMMENT '上架',
  `deleted` tinyint NULL DEFAULT 0,
  `creater` bigint NOT NULL,
  `updater` bigint NOT NULL,
  `update_time` datetime(0) NOT NULL DEFAULT CURRENT_TIMESTAMP(0) ON UPDATE CURRENT_TIMESTAMP(0),
  `create_time` datetime(0) NOT NULL DEFAULT CURRENT_TIMESTAMP(0),
  PRIMARY KEY (`id`) USING BTREE,
  UNIQUE INDEX `brand&category`(`spu_name`, `brand_id`, `category_id`, `deleted`) USING BTREE
) ENGINE = InnoDB CHARACTER SET = utf8mb4 COLLATE = utf8mb4_general_ci ROW_FORMAT = Dynamic;

-- ----------------------------
-- Records of standard_product_unit
-- ----------------------------
INSERT INTO `standard_product_unit` VALUES (1791424119483080706, 'iPhone 100', 1791424030924546049, 1790949179633881090, 16, '1790668230977654786,1791089471807074305', 'test', '1790668230977654786,1791089471807074305', 1791043108578832386, 19015, 5, 0, 1, 1790297174534524928, 1790297174534524928, '2024-06-02 10:32:19', '2024-05-17 19:02:48');
INSERT INTO `standard_product_unit` VALUES (1791735601592741889, 'iphone 5s', 1791424030924546049, 1790949179633881090, 200, '1790668230977654786,1791089471807074305', 'test', '1790668230977654786,1791089471807074305', NULL, 0, 0, 0, 1, 1790297174534524928, 1790297174534524928, '2024-06-02 10:32:23', '2024-05-18 15:40:31');
INSERT INTO `standard_product_unit` VALUES (1791739776783249409, 'iphone 6s', 1791424030924546049, 1790949179633881090, 300, '1790668230977654786,1791089471807074305', 'test', '1790668230977654786,1791089471807074305', NULL, 0, 0, 1, 1, 1790297174534524928, 1790297174534524928, '2024-06-01 14:52:15', '2024-05-18 15:57:07');
INSERT INTO `standard_product_unit` VALUES (1793644498276577281, 'iphone 11', 1791424030924546049, 1790949179633881090, 0, '1790668230977654786,1791089471807074305', 'test', '1790668230977654786,1791089471807074305', NULL, 0, 0, 0, 1, 1792188141227216896, 1792188141227216896, '2024-06-02 02:24:58', '2024-05-23 22:05:47');
INSERT INTO `standard_product_unit` VALUES (1796501670587273217, '测试', 1795103383225475073, 1796254027822927874, 0, '1796501538126475265,1796501534917832705,1796501537082093570,1796501534871695361,1796501537472163842,1796501535358234626,1796501538122280962,1796501537610575873', '属性1：属性值；属性2：属性值', '1796501538126475265,1796501534917832705,1796501537082093570,1796501534871695361,1796501537472163842,1796501535358234626,1796501538122280962,1796501537610575873', NULL, 0, 0, 1, 1, 1792188141227216896, 1792188141227216896, '2024-06-02 03:03:20', '2024-05-31 19:19:10');
INSERT INTO `standard_product_unit` VALUES (1796589026782744577, 'BEIER超萌爆改小白鞋女2024春款休闲百搭厚底鞋子女爆款板鞋ins潮', 1796284458643492865, 1796254063143161857, 8, '1796588841146560513,1796588841146560515,1796588841146560514,1796922474680070146', '流行元素：交叉绑带；风格：休闲；适用对象：青年；', '1796588841146560513,1796588841146560515,1796588841146560514,1796922474680070146', NULL, 12400, 258, 1, 0, 1792188141227216896, 1792188141227216896, '2024-06-02 16:29:33', '2024-06-01 01:06:17');
INSERT INTO `standard_product_unit` VALUES (1796591330982367234, '李宁女鞋2024新款夏季爆款百搭网面厚底鞋透气休闲运动鞋子', 1795103383225475073, 1796254027822927874, 2, '1796591186672660482', '属性：休闲', '1796591186672660482,1796591186454556674', NULL, 18900, 112, 1, 0, 1792188141227216896, 1792188141227216896, '2024-06-02 16:29:33', '2024-06-01 01:15:27');
INSERT INTO `standard_product_unit` VALUES (1796592252747780097, '环球奶fufu小白鞋女2024新款夏季百搭运动休闲鞋子女爆款透气板鞋', 1796284458643492865, 1796254027822927874, 0, '1796592160309030915,1796592160309030914,1796592157880528898', '闭合方式：系带；鞋制作工艺：注塑鞋；', '1796592160309030915,1796592160309030914,1796592157880528898', NULL, 0, 0, 1, 1, 1792188141227216896, 1792188141227216896, '2024-06-02 11:51:05', '2024-06-01 01:19:06');
INSERT INTO `standard_product_unit` VALUES (1796886168793518082, 'NIKE耐克 WINFLO9春季男子低帮轻便透气气垫缓震跑步鞋DD6203-009', 1790368723276345345, 1796964039411109890, 12, '1796885967814569985', '时尚；休闲；运动', '1796885967814569985', NULL, 19900, 79, 1, 0, 1792188141227216896, 1792188141227216896, '2024-06-02 11:42:34', '2024-06-01 20:47:01');
INSERT INTO `standard_product_unit` VALUES (1796901559536193537, 'Nike耐克男鞋Air Force 1 AF1空军一号纯白女鞋高低帮小白鞋板鞋', 1790368723276345345, 1796971530593243137, 6, '1796961231521230849', '休闲；板鞋；低帮', '1796961231521230849', NULL, 18800, 53, 1, 0, 1792188141227216896, 1792188141227216896, '2024-06-02 12:12:15', '2024-06-01 21:48:11');
INSERT INTO `standard_product_unit` VALUES (1796962346384494594, 'Nike/耐克 Initiator男老爹鞋复古休闲运动跑步鞋394053 394055', 1790368723276345345, 1796966128153530369, 2, '1796962139302834178', '流行元素：车缝线；鞋帮高度：低帮；闭合方式：系带；', '1796962139302834178', NULL, 29900, 448, 1, 0, 1792188141227216896, 1792188141227216896, '2024-06-02 11:21:06', '2024-06-02 01:49:43');
INSERT INTO `standard_product_unit` VALUES (1796965137685417985, 'Nike耐克官方REVOLUTION 6 男子跑步鞋夏季环保赤足体验', 1790368723276345345, 1796964039411109890, 4, '1796964934944862209', '中底功能：缓震；外底功能：抓地；鞋面功能：透气', '1796964934944862209', NULL, 39900, 246, 1, 0, 1792188141227216896, 1792188141227216896, '2024-06-02 11:21:38', '2024-06-02 02:00:49');
INSERT INTO `standard_product_unit` VALUES (1796966761606680578, 'Nike耐克男鞋 Air Max 2017 全掌气垫缓震黑武士运动休闲跑步鞋', 1790368723276345345, 1796964039411109890, 9, '1796966577203621889', '适合路面：跑道；闭合方式：系带；适用场景：休闲健步；', '1796966577203621889', NULL, 26500, 404, 1, 0, 1792188141227216896, 1792188141227216896, '2024-06-02 15:48:10', '2024-06-02 02:07:16');
INSERT INTO `standard_product_unit` VALUES (1796971365564157954, '李宁反伍2代䨻科技防滑减震耐磨低帮篮球鞋男草莓熊圣诞节', 1795103383225475073, 1796964091454033921, 6, '1796971077045891074', '运动鞋科技 缓震胶；鞋帮高度 低帮；是否瑕疵 否', '1796971077045891074', NULL, 27600, 194, 1, 0, 1792188141227216896, 1792188141227216896, '2024-06-02 14:20:07', '2024-06-02 02:25:34');
INSERT INTO `standard_product_unit` VALUES (1796972080793653250, '乔丹破影2代防滑篮球鞋男2024夏季透气运动鞋高帮青少年学生球鞋', 1796962866629185537, 1796964091454033921, 1, '1796971918511353857', '科技：减震；功能：平衡；适合场地：室内地板', '1796971918511353857', NULL, 20900, 299, 1, 0, 1792188141227216896, 1792188141227216896, '2024-06-02 11:23:33', '2024-06-02 02:28:24');
INSERT INTO `standard_product_unit` VALUES (1796974849533415426, '安踏星云丨运动鞋女鞋夏季网面跑步鞋减震软底透气休闲旅游鞋女', 1796963676100497410, 1796968230665850881, 0, '1796974732738342914', '入门跑鞋，稳定跑鞋', '1796974732738342914', NULL, 25800, 300, 1, 0, 1792188141227216896, 1792188141227216896, '2024-06-02 11:23:31', '2024-06-02 02:39:24');
INSERT INTO `standard_product_unit` VALUES (1796975627643916290, 'On昂跑 Cloud 5 新一代轻量透气舒适男款运动鞋 All Black 全黑 40', 1796964731710345217, 1796964039411109890, 0, '1796975559083339777', '防滑，透气，减震', '1796975559083339777', NULL, 99800, 200, 1, 0, 1792188141227216896, 1792188141227216896, '2024-06-02 11:24:20', '2024-06-02 02:42:30');
INSERT INTO `standard_product_unit` VALUES (1796976008767737858, '安踏足球鞋男碎钉男款运动官方旗舰店草地学生青少年专业短钉球鞋', 1796963676100497410, 1796964121191649281, 0, '1796975004969644034', '功能：轻便；鞋帮高度：低帮；鞋钉种类 ：TF', '1796975004969644034', NULL, 14900, 300, 1, 0, 1792188141227216896, 1792188141227216896, '2024-06-02 11:24:43', '2024-06-02 02:44:01');
INSERT INTO `standard_product_unit` VALUES (1796976150208057346, ' LA SPORTIVA越野跑鞋破九女户外长距离运动跑鞋夏季跑步鞋', 1796964610339770369, 1796968230665850881, 0, '1796976044083294210', '网布,发泡，低帮', '1796976044083294210', NULL, 159900, 200, 1, 0, 1792188141227216896, 1792188141227216896, '2024-06-02 11:25:19', '2024-06-02 02:44:35');
INSERT INTO `standard_product_unit` VALUES (1796976598293942274, '萨洛蒙（Salomon）男女款 城市户外舒适透气潮流穿搭日常休闲运动鞋', 1796964189583970306, 1796972730482954241, 1, '1796976500884942850', '合成革，Contagrip', '1796976500884942850', NULL, 149900, 349, 1, 0, 1792188141227216896, 1792188141227216896, '2024-06-02 11:47:44', '2024-06-02 02:46:21');
INSERT INTO `standard_product_unit` VALUES (1796978124815077377, 'test', 1796964731710345217, 1796971969174835202, 0, '1796977475926405121,1796977475624415233,1796977477365051393', '流行元素： 浅口；风格：韩版；鞋头款式：圆头；适用对象： 青年（18-40周岁）；', '1796977529806434305,1796977528233570306,1796977530536243201,1796977527856082946,1796977530792095745,1796977529806434306,1796977532671143937,1796977530800484354', NULL, 0, 0, 1, 1, 1792188141227216896, 1792188141227216896, '2024-06-02 03:03:12', '2024-06-02 02:52:25');
INSERT INTO `standard_product_unit` VALUES (1796979242395766786, '回力足球鞋碎钉训练鞋成人青少年男生专用', 1796978693902438401, 1796964039411109890, 2, '1796978917265420290', '功能：减震；科技：气垫；鞋帮高度：低帮', '1796978917265420290', NULL, 8900, 298, 1, 0, 1792188141227216896, 1792188141227216896, '2024-06-02 11:47:44', '2024-06-02 02:56:52');
INSERT INTO `standard_product_unit` VALUES (1796980975482179586, 'Dickies鞋子男鞋2024新款夏季透气情侣鞋休闲板鞋男款黑色帆布鞋', 1796980615963217922, 1796972730482954241, 2, '1796980822129553409,1796981889701556226', '风格：韩版；季节：四季通用；鞋跟：厚底', '1796980822129553409', NULL, 22900, 298, 1, 0, 1792188141227216896, 1792188141227216896, '2024-06-02 11:25:55', '2024-06-02 03:03:45');
INSERT INTO `standard_product_unit` VALUES (1796982006756675586, 'Converse匡威女鞋1970s经典三星标黑色高帮情侣休闲帆布鞋', 1796980359267618817, 1796972730482954241, 0, '1796981737922277377', '流行元素 车缝线；鞋帮高度 高帮；鞋头款式 圆头', '1796981737922277377', NULL, 28500, 300, 1, 0, 1792188141227216896, 1792188141227216896, '2024-06-02 11:26:36', '2024-06-02 03:07:51');
INSERT INTO `standard_product_unit` VALUES (1796984131863711745, '阿迪达斯Yeezy Boost 350 V2侃爷椰子蓝棕脏橙天使跑步鞋', 1790922119888691201, 1796972779371761666, 1, '1796984649746526209', '流行元素 车缝线；帮面材质 网布；鞋面功能 柔软', '1796984649746526209', NULL, 146900, 299, 1, 0, 1792188141227216896, 1792188141227216896, '2024-06-02 11:47:44', '2024-06-02 03:16:18');
INSERT INTO `standard_product_unit` VALUES (1796984948482117634, 'test', 1796980615963217922, 1796254027822927874, 0, '1796984847210164226', '嘻嘻嘻；', '1796984866592043009,1796984867204411393', NULL, 0, 0, 1, 1, 1792188141227216896, 1792188141227216896, '2024-06-02 03:23:42', '2024-06-02 03:19:32');
INSERT INTO `standard_product_unit` VALUES (1796986179669725185, 'test', 1796980359267618817, 1796971969174835202, 0, '1796986082071982082,1796988768334950402,1796988787238678529', '嘻嘻嘻', '1796986123109052418,1796988885758685185,1796988928133738497', NULL, 0, 0, 1, 1, 1792188141227216896, 1792188141227216896, '2024-06-02 03:37:14', '2024-06-02 03:24:26');
INSERT INTO `standard_product_unit` VALUES (1796986383676477441, '阿迪达斯三叶草 YEEZY 350 V2暗黑暴龙兽黑色混色椰子跑鞋', 1790922119888691201, 1796972779371761666, 1, '1796986213009764354', '闭合方式：系带；中底功能：缓震；鞋面科技：呼吸网5.0', '1796986213009764354', NULL, 355900, 119, 1, 0, 1792188141227216896, 1792188141227216896, '2024-06-02 11:27:33', '2024-06-02 03:25:14');
INSERT INTO `standard_product_unit` VALUES (1796988151151988737, '鸿星尔克官方旗舰店男鞋夏季鞋子透气网面鞋休闲鞋老爹鞋运动鞋男', 1796987920511406081, 1796966128153530369, 0, '1796988009543413762', '外底材料：EVA；帮面材质：网布；鞋面功能：透气', '1796988009543413762', NULL, 15900, 300, 1, 0, 1792188141227216896, 1792188141227216896, '2024-06-02 11:28:05', '2024-06-02 03:32:16');
INSERT INTO `standard_product_unit` VALUES (1796989355114369026, 'HLA/海澜之家男鞋夏季结婚新郎鞋牛皮布洛克鞋透气增高商务皮鞋', 1796988891299844097, 1796883840266932226, 1, '1796989115476520962', '款式 布洛克鞋；鞋面材质 混合材质；跟底款式 厚底', '1796989115476520962', NULL, 29900, 299, 1, 0, 1792188141227216896, 1792188141227216896, '2024-06-02 12:30:20', '2024-06-02 03:37:03');
INSERT INTO `standard_product_unit` VALUES (1796990405888184321, '海澜之家男鞋真皮牛津鞋夏季商务三接头男士皮鞋正装结婚新郎鞋男', 1796988891299844097, 1796973105298542594, 8, '1796990213117489154', '款式：牛津鞋；风格：商务；功能：增高', '1796990213117489154', NULL, 39900, 292, 1, 0, 1792188141227216896, 1792188141227216896, '2024-06-02 11:42:01', '2024-06-02 03:41:13');
INSERT INTO `standard_product_unit` VALUES (1796998850540474370, '对算法', 1796987920511406081, 1796253505955041282, 0, '1796998753534128129,1796998764657422338', '嘻嘻嘻', '1796998737826459649', NULL, 0, 0, 0, 1, 1792188141227216896, 1792188141227216896, '2024-06-02 04:14:54', '2024-06-02 04:14:47');
INSERT INTO `standard_product_unit` VALUES (1797011559772327937, 'HLA/海澜之家男鞋新款夏季透气真皮正装商务皮鞋增高德比鞋结婚男', 1796988891299844097, 1796973205882146818, 0, '1797011493065633793', '款式：德比鞋；跟底款式：厚底；风格：商务', '1797011505115869186', NULL, 27900, 300, 1, 0, 1792188141227216896, 1792188141227216896, '2024-06-02 05:15:38', '2024-06-02 05:05:17');
INSERT INTO `standard_product_unit` VALUES (1797013947136610306, '李宁足球鞋男成人TF碎钉男款人造草地专业防滑比赛训练透气球鞋', 1795103383225475073, 1796964121191649281, 0, '1797013413805207553', '鞋钉种类：TF；功能：防滑；运动鞋外底：碎钉', '1797013656118538242', NULL, 14300, 300, 1, 0, 1792188141227216896, 1792188141227216896, '2024-06-02 05:24:05', '2024-06-02 05:14:46');
INSERT INTO `standard_product_unit` VALUES (1797075426066042881, '高级头层牛皮软底男鞋', 1796988891299844097, 1796972779371761666, 0, '1797076817546883074,1797076923562110977', '低帮', '1797075242120163330,1797075257722974209', NULL, 4500, 40, 1, 0, 1792188141227216896, 1792188141227216896, '2024-06-02 09:45:34', '2024-06-02 09:19:04');
INSERT INTO `standard_product_unit` VALUES (1797083911646351361, 'New Balance NB官方正品男女休闲百搭复古缓震运动老爹鞋2002r', 1796963197077426178, 1796966128153530369, 9, '1797083796612886529,1797116859401154561,1797116916997337090', '流行元素：车缝线；鞋帮高度：低帮；闭合方式：系带；', '1797083808520515586,1797101512241491970,1797116931589320706', NULL, 77950, 10323, 1, 0, 1792188141227216896, 1792188141227216896, '2024-06-02 15:17:24', '2024-06-02 09:52:47');
INSERT INTO `standard_product_unit` VALUES (1797084172985044993, '1906', 1796963197077426178, 1796971530593243137, 4, '1797084106328682498', '流行元素：车缝线；鞋帮高度：低帮；闭合方式：系带；', '1797084126956269570', NULL, 99600, 1095, 1, 0, 1792188141227216896, 1792188141227216896, '2024-06-02 11:56:55', '2024-06-02 09:53:49');
INSERT INTO `standard_product_unit` VALUES (1797085062240407553, '新款头层牛皮休闲AJ板鞋女810', 1796978693902438401, 1796971530593243137, 6, '1797085023836876801', '11', '1797085039808786434', NULL, 18000, 154, 1, 0, 1792188141227216896, 1792188141227216896, '2024-06-02 14:20:07', '2024-06-02 09:57:21');
INSERT INTO `standard_product_unit` VALUES (1797100574441738241, '中国乔丹篮球鞋女2024夏季新款运动鞋学生防滑耐磨减震潮流休闲鞋', 1796962866629185537, 1796971876635906049, 0, '1797100404081209345', '功能：包裹性；鞋帮高度：中帮；外底材料：防滑橡胶', '1797100446154272770', NULL, 24900, 336, 1, 0, 1792188141227216896, 1792188141227216896, '2024-06-02 11:01:53', '2024-06-02 10:59:00');
INSERT INTO `standard_product_unit` VALUES (1797102382371311617, '回力女鞋登山鞋女2024新款夏季透气户外休闲徒步丑萌运动鞋子女款', 1796978693902438401, 1796972069221568513, 0, '1797102181811793922', '适用场景：运动；跟底款式：厚底；图案：纯色', '1797102194675724290', NULL, 10900, 309, 1, 0, 1792188141227216896, 1792188141227216896, '2024-06-02 11:07:48', '2024-06-02 11:06:11');
INSERT INTO `standard_product_unit` VALUES (1797109642468265985, 'HLA/海澜之家半拖鞋女外穿尖头鞋2024夏季新款中跟穆勒鞋包头凉拖', 1796988891299844097, 1796253974760787970, 0, '1797109577401544706', '风格：公主；适合场合：日常；后跟高：中跟', '1797109589107847169', NULL, 21900, 116, 1, 0, 1792188141227216896, 1792188141227216896, '2024-06-02 11:42:36', '2024-06-02 11:35:02');
INSERT INTO `standard_product_unit` VALUES (1797110463218061314, '夏日苏打~丑萌厚底玛丽珍鞋女春秋百搭透气休闲鞋小皮鞋', 1797111302326325249, 1796253899095543809, 0, '1797110430653001730', '风格：学院；款式：单鞋；跟底款式：粗跟', '1797110443508543490', NULL, 23100, 234, 1, 0, 1792188141227216896, 1792188141227216896, '2024-06-02 11:41:46', '2024-06-02 11:38:17');
INSERT INTO `standard_product_unit` VALUES (1797112319113695233, '森达银色单鞋女鞋2024新款春夏季爆款芭蕾舞浅口平底鞋', 1797112017316745217, 1796253931836280833, 0, '1797112146823786497', '款式：单鞋；图案：纯色；跟底款式：平跟', '1797112158077104130', NULL, 63900, 154, 1, 0, 1792188141227216896, 1792188141227216896, '2024-06-02 11:47:02', '2024-06-02 11:45:40');
INSERT INTO `standard_product_unit` VALUES (1797113195760979970, '森达官方旗舰店网纱透气渔夫鞋厚底女', 1797112017316745217, 1796971607369977858, 1, '1797113004860944385', '鞋头款式：圆头；跟底款式：平底；图案：纯色', '1797113017234141186', NULL, 13500, 159, 1, 0, 1792188141227216896, 1792188141227216896, '2024-06-02 12:12:15', '2024-06-02 11:49:09');
INSERT INTO `standard_product_unit` VALUES (1797114471215271938, ' New Balance NB官方正品男女休闲百搭复古缓震运动老爹鞋CM878KO1', 1796963197077426178, 1796966128153530369, 0, '1797114362305490945,1797114374976483329,1797114387978825729', '流行元素：车缝线；鞋帮高度：低帮；闭合方式：系带；', '1797114403829100545', NULL, 59900, 800, 1, 0, 1792188141227216896, 1792188141227216896, '2024-06-02 11:56:44', '2024-06-02 11:54:13');
INSERT INTO `standard_product_unit` VALUES (1797114660990750721, ' 森马厚底老爹鞋女2024年新款夏季透气增高9cm百搭内增高真皮女鞋', 1797114801671901186, 1796971969174835202, 0, '1797114510632857602', '款式 老爹鞋；跟底款式 内增高；图案 纯色', '1797114523039608834', NULL, 20900, 248, 1, 0, 1792188141227216896, 1792188141227216896, '2024-06-02 11:59:23', '2024-06-02 11:54:58');

-- ----------------------------
-- Table structure for stock_keeping_unit
-- ----------------------------
DROP TABLE IF EXISTS `stock_keeping_unit`;
CREATE TABLE `stock_keeping_unit`  (
  `id` bigint NOT NULL,
  `spu_id` bigint NOT NULL COMMENT '所属spu id',
  `image_id` bigint NOT NULL,
  `num` bigint NOT NULL COMMENT '库存',
  `price` int NOT NULL COMMENT '价格',
  `attributes` varchar(255) CHARACTER SET utf8mb4 COLLATE utf8mb4_general_ci NOT NULL COMMENT 'json储存的特征描述',
  `available` tinyint NOT NULL,
  `deleted` tinyint NULL DEFAULT 0,
  `creater` bigint NOT NULL,
  `updater` bigint NOT NULL,
  `update_time` datetime(0) NOT NULL DEFAULT CURRENT_TIMESTAMP(0) ON UPDATE CURRENT_TIMESTAMP(0),
  `create_time` datetime(0) NOT NULL DEFAULT CURRENT_TIMESTAMP(0),
  PRIMARY KEY (`id`) USING BTREE,
  UNIQUE INDEX `唯一`(`spu_id`, `attributes`, `price`) USING BTREE
) ENGINE = InnoDB CHARACTER SET = utf8mb4 COLLATE = utf8mb4_general_ci ROW_FORMAT = Dynamic;

-- ----------------------------
-- Records of stock_keeping_unit
-- ----------------------------
INSERT INTO `stock_keeping_unit` VALUES (1796146569819181057, 1791424119483080706, 1790668230977654786, 5, 19015, '{\"color\":\"purple\",\"size\":\"32\"}', 1, 1, 1792188141227216896, 1792188141227216896, '2024-06-02 10:32:19', '2024-05-30 19:48:07');
INSERT INTO `stock_keeping_unit` VALUES (1796146569827569666, 1791424119483080706, 1790668230977654786, 1, 19099, '{\"color\":\"green\",\"size\":\"32\"}', 1, 0, 1792188141227216896, 1792188141227216896, '2024-06-02 10:56:17', '2024-05-30 19:48:07');
INSERT INTO `stock_keeping_unit` VALUES (1796618187584835586, 1796589026782744577, 1796618181322256385, 226, 12900, '{\"color\":\"少女粉\",\"size\":\"36\"}', 1, 0, 1792188141227216896, 1792188141227216896, '2024-06-02 11:16:41', '2024-06-01 03:02:10');
INSERT INTO `stock_keeping_unit` VALUES (1796716904329515009, 1796589026782744577, 1796716319399784449, 21, 121, '{\"color\":\"白色\",\"size\":\"37\"}', 1, 1, 1792188141227216896, 1792188141227216896, '2024-06-01 09:40:00', '2024-06-01 09:34:26');
INSERT INTO `stock_keeping_unit` VALUES (1796718439700631554, 1796589026782744577, 1796929964746518529, 32, 12400, '{\"color\":\"白色\",\"size\":\"36\"}', 1, 0, 1792188141227216896, 1792188141227216896, '2024-06-02 16:29:33', '2024-06-01 09:40:32');
INSERT INTO `stock_keeping_unit` VALUES (1796887916971036674, 1796886168793518082, 1796887906619011073, 4, 19900, '{\"color\":\"白色\",\"size\":\"38\"}', 1, 0, 1792188141227216896, 1792188141227216896, '2024-06-02 11:42:34', '2024-06-01 20:53:58');
INSERT INTO `stock_keeping_unit` VALUES (1796888060705640449, 1796886168793518082, 1796887906619011073, 15, 21900, '{\"color\":\"白色\",\"size\":\"39\"}', 1, 0, 1792188141227216896, 1792188141227216896, '2024-06-02 11:19:09', '2024-06-01 20:54:32');
INSERT INTO `stock_keeping_unit` VALUES (1796888433369550849, 1796886168793518082, 1796888423072051201, 33, 24900, '{\"color\":\"白色\",\"size\":\"40\"}', 1, 0, 1792188141227216896, 1792188141227216896, '2024-06-02 11:19:05', '2024-06-01 20:56:01');
INSERT INTO `stock_keeping_unit` VALUES (1796888478047277058, 1796886168793518082, 1796888423072051201, 27, 29900, '{\"color\":\"白色\",\"size\":\"41\"}', 1, 0, 1792188141227216896, 1792188141227216896, '2024-06-02 11:19:00', '2024-06-01 20:56:12');
INSERT INTO `stock_keeping_unit` VALUES (1796910967120990210, 1796901559536193537, 1796910961646940161, 21, 18800, '{\"color\":\"白色\",\"size\":\"36\"}', 1, 0, 1792188141227216896, 1792188141227216896, '2024-06-02 12:12:15', '2024-06-01 22:25:34');
INSERT INTO `stock_keeping_unit` VALUES (1796944053531578370, 1796901559536193537, 1796944044802748418, 32, 19900, '{\"color\":\"白色\",\"size\":\"37\"}', 1, 0, 1792188141227216896, 1792188141227216896, '2024-06-02 11:19:42', '2024-06-02 00:37:02');
INSERT INTO `stock_keeping_unit` VALUES (1796960019216863233, 1796591330982367234, 1796960011121373186, 27, 19900, '{\"color\":\"白色\",\"size\":\"36\"}', 1, 0, 1792188141227216896, 1792188141227216896, '2024-06-02 11:18:25', '2024-06-02 01:40:29');
INSERT INTO `stock_keeping_unit` VALUES (1796960156324466690, 1796591330982367234, 1796960073557782530, 28, 18900, '{\"color\":\"灰色\",\"size\":\"36\"}', 1, 0, 1792188141227216896, 1792188141227216896, '2024-06-02 16:29:33', '2024-06-02 01:41:01');
INSERT INTO `stock_keeping_unit` VALUES (1796960782135595009, 1796591330982367234, 1796960073557782530, 28, 18900, '{\"color\":\"灰色\",\"size\":\"37\"}', 1, 0, 1792188141227216896, 1792188141227216896, '2024-06-02 16:29:33', '2024-06-02 01:43:31');
INSERT INTO `stock_keeping_unit` VALUES (1796960818839949314, 1796591330982367234, 1796960073557782530, 29, 18900, '{\"color\":\"灰色\",\"size\":\"38\"}', 1, 0, 1792188141227216896, 1792188141227216896, '2024-06-02 11:18:13', '2024-06-02 01:43:39');
INSERT INTO `stock_keeping_unit` VALUES (1796963015078187009, 1796962346384494594, 1796963009390227457, 45, 29900, '{\"color\":\"银蓝\",\"size\":\"41\"}', 1, 0, 1792188141227216896, 1792188141227216896, '2024-06-02 11:21:06', '2024-06-02 01:52:23');
INSERT INTO `stock_keeping_unit` VALUES (1796963060422807554, 1796962346384494594, 1796963009390227457, 45, 29900, '{\"color\":\"银蓝\",\"size\":\"42\"}', 1, 0, 1792188141227216896, 1792188141227216896, '2024-06-02 11:21:02', '2024-06-02 01:52:34');
INSERT INTO `stock_keeping_unit` VALUES (1796963084481335298, 1796962346384494594, 1796963009390227457, 45, 29900, '{\"color\":\"银蓝\",\"size\":\"43\"}', 1, 0, 1792188141227216896, 1792188141227216896, '2024-06-02 11:20:59', '2024-06-02 01:52:39');
INSERT INTO `stock_keeping_unit` VALUES (1796963107948466177, 1796962346384494594, 1796963009390227457, 46, 29900, '{\"color\":\"银蓝\",\"size\":\"44\"}', 1, 0, 1792188141227216896, 1792188141227216896, '2024-06-02 11:20:56', '2024-06-02 01:52:45');
INSERT INTO `stock_keeping_unit` VALUES (1796963135278551042, 1796962346384494594, 1796963009390227457, 44, 29900, '{\"color\":\"银蓝\",\"size\":\"40\"}', 1, 0, 1792188141227216896, 1792188141227216896, '2024-06-02 11:20:51', '2024-06-02 01:52:52');
INSERT INTO `stock_keeping_unit` VALUES (1796963250819043329, 1796962346384494594, 1796963226806169601, 44, 39900, '{\"color\":\"樱桃红\",\"size\":\"40\"}', 1, 0, 1792188141227216896, 1792188141227216896, '2024-06-02 11:20:46', '2024-06-02 01:53:19');
INSERT INTO `stock_keeping_unit` VALUES (1796963279713603586, 1796962346384494594, 1796963226806169601, 45, 39900, '{\"color\":\"樱桃红\",\"size\":\"41\"}', 1, 0, 1792188141227216896, 1792188141227216896, '2024-06-02 11:20:41', '2024-06-02 01:53:26');
INSERT INTO `stock_keeping_unit` VALUES (1796963299665907713, 1796962346384494594, 1796963226806169601, 45, 39900, '{\"color\":\"樱桃红\",\"size\":\"42\"}', 1, 0, 1792188141227216896, 1792188141227216896, '2024-06-02 11:20:36', '2024-06-02 01:53:31');
INSERT INTO `stock_keeping_unit` VALUES (1796963318414446593, 1796962346384494594, 1796963226806169601, 45, 39900, '{\"color\":\"樱桃红\",\"size\":\"43\"}', 1, 0, 1792188141227216896, 1792188141227216896, '2024-06-02 11:20:32', '2024-06-02 01:53:35');
INSERT INTO `stock_keeping_unit` VALUES (1796963350492483586, 1796962346384494594, 1796963226806169601, 44, 39900, '{\"color\":\"樱桃红\",\"size\":\"44\"}', 1, 0, 1792188141227216896, 1792188141227216896, '2024-06-02 11:20:28', '2024-06-02 01:53:43');
INSERT INTO `stock_keeping_unit` VALUES (1796965273773805569, 1796965137685417985, 1796965269214113793, 46, 39900, '{\"color\":\"白色\",\"size\":\"41\"}', 1, 0, 1792188141227216896, 1792188141227216896, '2024-06-02 11:21:38', '2024-06-02 02:01:21');
INSERT INTO `stock_keeping_unit` VALUES (1796965305365303297, 1796965137685417985, 1796965269214113793, 50, 39900, '{\"color\":\"白色\",\"size\":\"42\"}', 1, 0, 1792188141227216896, 1792188141227216896, '2024-06-02 11:21:34', '2024-06-02 02:01:29');
INSERT INTO `stock_keeping_unit` VALUES (1796965328945680386, 1796965137685417985, 1796965269214113793, 50, 39900, '{\"color\":\"白色\",\"size\":\"43\"}', 1, 0, 1792188141227216896, 1792188141227216896, '2024-06-02 11:21:30', '2024-06-02 02:01:35');
INSERT INTO `stock_keeping_unit` VALUES (1796965348591800321, 1796965137685417985, 1796965269214113793, 50, 39900, '{\"color\":\"白色\",\"size\":\"44\"}', 1, 0, 1792188141227216896, 1792188141227216896, '2024-06-02 11:21:27', '2024-06-02 02:01:39');
INSERT INTO `stock_keeping_unit` VALUES (1796965395916132353, 1796965137685417985, 1796965269214113793, 50, 39900, '{\"color\":\"白色\",\"size\":\"40\"}', 1, 0, 1792188141227216896, 1792188141227216896, '2024-06-02 11:21:22', '2024-06-02 02:01:51');
INSERT INTO `stock_keeping_unit` VALUES (1796966976380211202, 1796966761606680578, 1796966970792914946, 50, 26500, '{\"color\":\"黑武士\",\"size\":\"40\"}', 1, 0, 1792188141227216896, 1792188141227216896, '2024-06-02 15:48:10', '2024-06-02 02:08:07');
INSERT INTO `stock_keeping_unit` VALUES (1796967005522235393, 1796966761606680578, 1796966970792914946, 52, 26500, '{\"color\":\"黑武士\",\"size\":\"41\"}', 1, 0, 1792188141227216896, 1792188141227216896, '2024-06-02 11:22:27', '2024-06-02 02:08:14');
INSERT INTO `stock_keeping_unit` VALUES (1796967029471711234, 1796966761606680578, 1796966970792914946, 50, 26500, '{\"color\":\"黑武士\",\"size\":\"42\"}', 1, 0, 1792188141227216896, 1792188141227216896, '2024-06-02 11:22:22', '2024-06-02 02:08:20');
INSERT INTO `stock_keeping_unit` VALUES (1796967056881487873, 1796966761606680578, 1796966970792914946, 50, 26500, '{\"color\":\"黑武士\",\"size\":\"43\"}', 1, 0, 1792188141227216896, 1792188141227216896, '2024-06-02 11:22:18', '2024-06-02 02:08:27');
INSERT INTO `stock_keeping_unit` VALUES (1796967192395255809, 1796966761606680578, 1796967172366970882, 50, 26500, '{\"color\":\"黑白\",\"size\":\"43\"}', 1, 0, 1792188141227216896, 1792188141227216896, '2024-06-02 11:22:14', '2024-06-02 02:08:59');
INSERT INTO `stock_keeping_unit` VALUES (1796967220253822977, 1796966761606680578, 1796967172366970882, 50, 26500, '{\"color\":\"黑白\",\"size\":\"42\"}', 1, 0, 1792188141227216896, 1792188141227216896, '2024-06-02 11:22:08', '2024-06-02 02:09:06');
INSERT INTO `stock_keeping_unit` VALUES (1796967240470368258, 1796966761606680578, 1796967172366970882, 52, 26500, '{\"color\":\"黑白\",\"size\":\"41\"}', 1, 0, 1792188141227216896, 1792188141227216896, '2024-06-02 11:22:03', '2024-06-02 02:09:10');
INSERT INTO `stock_keeping_unit` VALUES (1796967262423355394, 1796966761606680578, 1796967172366970882, 50, 26500, '{\"color\":\"黑白\",\"size\":\"40\"}', 1, 0, 1792188141227216896, 1792188141227216896, '2024-06-02 11:22:00', '2024-06-02 02:09:16');
INSERT INTO `stock_keeping_unit` VALUES (1796971544241508354, 1796971365564157954, 1796971413903028225, 48, 27600, '{\"color\":\"米白色\",\"size\":\"40\"}', 1, 0, 1792188141227216896, 1792188141227216896, '2024-06-02 11:22:58', '2024-06-02 02:26:16');
INSERT INTO `stock_keeping_unit` VALUES (1796971565519212546, 1796971365564157954, 1796971413903028225, 46, 27600, '{\"color\":\"米白色\",\"size\":\"41\"}', 1, 0, 1792188141227216896, 1792188141227216896, '2024-06-02 14:20:07', '2024-06-02 02:26:21');
INSERT INTO `stock_keeping_unit` VALUES (1796971586310377473, 1796971365564157954, 1796971413903028225, 50, 27600, '{\"color\":\"米白色\",\"size\":\"42\"}', 1, 0, 1792188141227216896, 1792188141227216896, '2024-06-02 11:22:52', '2024-06-02 02:26:26');
INSERT INTO `stock_keeping_unit` VALUES (1796971604731760642, 1796971365564157954, 1796971413903028225, 50, 27600, '{\"color\":\"米白色\",\"size\":\"43\"}', 1, 0, 1792188141227216896, 1792188141227216896, '2024-06-02 11:22:49', '2024-06-02 02:26:31');
INSERT INTO `stock_keeping_unit` VALUES (1796972380329873410, 1796972080793653250, 1796972290839719937, 49, 20900, '{\"color\":\"电光紫\",\"size\":\"40\"}', 1, 0, 1792188141227216896, 1792188141227216896, '2024-06-02 11:23:33', '2024-06-02 02:29:36');
INSERT INTO `stock_keeping_unit` VALUES (1796972408104554498, 1796972080793653250, 1796972290839719937, 50, 20900, '{\"color\":\"电光紫\",\"size\":\"41\"}', 1, 0, 1792188141227216896, 1792188141227216896, '2024-06-02 11:23:30', '2024-06-02 02:29:42');
INSERT INTO `stock_keeping_unit` VALUES (1796973453878759426, 1796972080793653250, 1796973449365204993, 50, 20900, '{\"color\":\"电光紫\",\"size\":\"42\"}', 1, 0, 1792188141227216896, 1792188141227216896, '2024-06-02 11:23:26', '2024-06-02 02:33:52');
INSERT INTO `stock_keeping_unit` VALUES (1796973600679399426, 1796972080793653250, 1796973585269043202, 50, 20900, '{\"color\":\"乔丹白\",\"size\":\"42\"}', 1, 0, 1792188141227216896, 1792188141227216896, '2024-06-02 11:23:23', '2024-06-02 02:34:27');
INSERT INTO `stock_keeping_unit` VALUES (1796973630161162242, 1796972080793653250, 1796973585269043202, 50, 20900, '{\"color\":\"乔丹白\",\"size\":\"41\"}', 1, 0, 1792188141227216896, 1792188141227216896, '2024-06-02 11:23:19', '2024-06-02 02:34:34');
INSERT INTO `stock_keeping_unit` VALUES (1796973652407750658, 1796972080793653250, 1796973585269043202, 50, 20900, '{\"color\":\"乔丹白\",\"size\":\"40\"}', 1, 0, 1792188141227216896, 1792188141227216896, '2024-06-02 11:23:15', '2024-06-02 02:34:39');
INSERT INTO `stock_keeping_unit` VALUES (1796977229528305665, 1796976008767737858, 1796977225153163265, 50, 14900, '{\"color\":\"荧光亮深红\",\"size\":\"40\"}', 1, 0, 1792188141227216896, 1792188141227216896, '2024-06-02 11:24:43', '2024-06-02 02:48:52');
INSERT INTO `stock_keeping_unit` VALUES (1796977253674913794, 1796976008767737858, 1796977225153163265, 50, 14900, '{\"color\":\"荧光亮深红\",\"size\":\"41\"}', 1, 0, 1792188141227216896, 1792188141227216896, '2024-06-02 11:24:38', '2024-06-02 02:48:58');
INSERT INTO `stock_keeping_unit` VALUES (1796977271693643777, 1796976008767737858, 1796977225153163265, 50, 14900, '{\"color\":\"荧光亮深红\",\"size\":\"42\"}', 1, 0, 1792188141227216896, 1792188141227216896, '2024-06-02 11:24:29', '2024-06-02 02:49:02');
INSERT INTO `stock_keeping_unit` VALUES (1796977402216189953, 1796976008767737858, 1796977394963755010, 50, 14900, '{\"color\":\"荧光闪耀绿\",\"size\":\"42\"}', 1, 0, 1792188141227216896, 1792188141227216896, '2024-06-02 11:24:25', '2024-06-02 02:49:33');
INSERT INTO `stock_keeping_unit` VALUES (1796977421262524417, 1796976008767737858, 1796977394963755010, 50, 14900, '{\"color\":\"荧光闪耀绿\",\"size\":\"41\"}', 1, 0, 1792188141227216896, 1792188141227216896, '2024-06-02 11:24:22', '2024-06-02 02:49:38');
INSERT INTO `stock_keeping_unit` VALUES (1796977440476631042, 1796976008767737858, 1796977394963755010, 50, 14900, '{\"color\":\"荧光闪耀绿\",\"size\":\"40\"}', 1, 0, 1792188141227216896, 1792188141227216896, '2024-06-02 11:24:18', '2024-06-02 02:49:42');
INSERT INTO `stock_keeping_unit` VALUES (1796979590372003841, 1796979242395766786, 1796979473811812353, 50, 8900, '{\"color\":\"白金碎钉\",\"size\":\"40\"}', 1, 0, 1792188141227216896, 1792188141227216896, '2024-06-02 11:25:23', '2024-06-02 02:58:15');
INSERT INTO `stock_keeping_unit` VALUES (1796979609447698434, 1796979242395766786, 1796979473811812353, 50, 8900, '{\"color\":\"白金碎钉\",\"size\":\"41\"}', 1, 0, 1792188141227216896, 1792188141227216896, '2024-06-02 11:25:20', '2024-06-02 02:58:19');
INSERT INTO `stock_keeping_unit` VALUES (1796979626115862530, 1796979242395766786, 1796979473811812353, 50, 8900, '{\"color\":\"白金碎钉\",\"size\":\"42\"}', 1, 0, 1792188141227216896, 1792188141227216896, '2024-06-02 11:25:15', '2024-06-02 02:58:23');
INSERT INTO `stock_keeping_unit` VALUES (1796979803769802753, 1796979242395766786, 1796979799788924929, 50, 8900, '{\"color\":\"蓝色碎钉\",\"size\":\"42\"}', 1, 0, 1792188141227216896, 1792188141227216896, '2024-06-02 11:25:12', '2024-06-02 02:59:06');
INSERT INTO `stock_keeping_unit` VALUES (1796979826360324097, 1796979242395766786, 1796979799788924929, 50, 8900, '{\"color\":\"蓝色碎钉\",\"size\":\"41\"}', 1, 0, 1792188141227216896, 1792188141227216896, '2024-06-02 11:25:08', '2024-06-02 02:59:11');
INSERT INTO `stock_keeping_unit` VALUES (1796979842806190081, 1796979242395766786, 1796979799788924929, 48, 8900, '{\"color\":\"蓝色碎钉\",\"size\":\"40\"}', 1, 0, 1792188141227216896, 1792188141227216896, '2024-06-02 11:47:44', '2024-06-02 02:59:15');
INSERT INTO `stock_keeping_unit` VALUES (1796981098098462721, 1796980975482179586, 1796981093505216514, 49, 22900, '{\"color\":\"黑色\",\"size\":\"40\"}', 1, 0, 1792188141227216896, 1792188141227216896, '2024-06-02 11:25:55', '2024-06-02 03:04:14');
INSERT INTO `stock_keeping_unit` VALUES (1796981115571933186, 1796980975482179586, 1796981093505216514, 50, 22900, '{\"color\":\"黑色\",\"size\":\"41\"}', 1, 0, 1792188141227216896, 1792188141227216896, '2024-06-02 11:25:52', '2024-06-02 03:04:18');
INSERT INTO `stock_keeping_unit` VALUES (1796981132705665026, 1796980975482179586, 1796981093505216514, 49, 22900, '{\"color\":\"黑色\",\"size\":\"42\"}', 1, 0, 1792188141227216896, 1792188141227216896, '2024-06-02 11:25:49', '2024-06-02 03:04:22');
INSERT INTO `stock_keeping_unit` VALUES (1796981149642264578, 1796980975482179586, 1796981093505216514, 50, 229, '{\"color\":\"黑色\",\"size\":\"43\"}', 1, 1, 1792188141227216896, 1792188141227216896, '2024-06-02 03:04:35', '2024-06-02 03:04:27');
INSERT INTO `stock_keeping_unit` VALUES (1796981170454401026, 1796980975482179586, 1796981093505216514, 50, 229, '{\"color\":\"黑色\",\"size\":\"44\"}', 1, 1, 1792188141227216896, 1792188141227216896, '2024-06-02 03:04:33', '2024-06-02 03:04:31');
INSERT INTO `stock_keeping_unit` VALUES (1796981302235238402, 1796980975482179586, 1796981298766065666, 50, 22900, '{\"color\":\"白色\",\"size\":\"42\"}', 1, 0, 1792188141227216896, 1792188141227216896, '2024-06-02 11:25:45', '2024-06-02 03:05:03');
INSERT INTO `stock_keeping_unit` VALUES (1796981325983387649, 1796980975482179586, 1796981298766065666, 50, 22900, '{\"color\":\"白色\",\"size\":\"41\"}', 1, 0, 1792188141227216896, 1792188141227216896, '2024-06-02 11:25:41', '2024-06-02 03:05:09');
INSERT INTO `stock_keeping_unit` VALUES (1796981341766553602, 1796980975482179586, 1796981298766065666, 50, 22900, '{\"color\":\"白色\",\"size\":\"40\"}', 1, 0, 1792188141227216896, 1792188141227216896, '2024-06-02 11:25:37', '2024-06-02 03:05:12');
INSERT INTO `stock_keeping_unit` VALUES (1796982355953455106, 1796982006756675586, 1796982352291344385, 50, 28500, '{\"color\":\"黑色高帮\",\"size\":\"40\"}', 1, 0, 1792188141227216896, 1792188141227216896, '2024-06-02 11:26:36', '2024-06-02 03:09:14');
INSERT INTO `stock_keeping_unit` VALUES (1796982373494034433, 1796982006756675586, 1796982352291344385, 50, 28500, '{\"color\":\"黑色高帮\",\"size\":\"41\"}', 1, 0, 1792188141227216896, 1792188141227216896, '2024-06-02 11:26:31', '2024-06-02 03:09:18');
INSERT INTO `stock_keeping_unit` VALUES (1796982390468382722, 1796982006756675586, 1796982352291344385, 50, 28500, '{\"color\":\"黑色高帮\",\"size\":\"42\"}', 1, 0, 1792188141227216896, 1792188141227216896, '2024-06-02 11:26:24', '2024-06-02 03:09:22');
INSERT INTO `stock_keeping_unit` VALUES (1796982406205411329, 1796982006756675586, 1796982352291344385, 50, 285, '{\"color\":\"黑色高帮\",\"size\":\"43\"}', 1, 1, 1792188141227216896, 1792188141227216896, '2024-06-02 03:09:28', '2024-06-02 03:09:26');
INSERT INTO `stock_keeping_unit` VALUES (1796982703682228226, 1796982006756675586, 1796982611235090434, 50, 28500, '{\"color\":\"米白高帮\",\"size\":\"41\"}', 1, 0, 1792188141227216896, 1792188141227216896, '2024-06-02 11:26:20', '2024-06-02 03:10:37');
INSERT INTO `stock_keeping_unit` VALUES (1796982733042356225, 1796982006756675586, 1796982611235090434, 50, 28500, '{\"color\":\"米白高帮\",\"size\":\"42\"}', 1, 0, 1792188141227216896, 1792188141227216896, '2024-06-02 11:26:14', '2024-06-02 03:10:44');
INSERT INTO `stock_keeping_unit` VALUES (1796982843079921665, 1796982006756675586, 1796982788448628737, 50, 28500, '{\"color\":\"米白高帮\",\"size\":\"40\"}', 1, 0, 1792188141227216896, 1792188141227216896, '2024-06-02 11:26:09', '2024-06-02 03:11:10');
INSERT INTO `stock_keeping_unit` VALUES (1796984805242441729, 1796984131863711745, 1796984801517416449, 50, 146900, '{\"color\":\"感光变色\",\"size\":\"40\"}', 1, 0, 1792188141227216896, 1792188141227216896, '2024-06-02 11:27:08', '2024-06-02 03:18:58');
INSERT INTO `stock_keeping_unit` VALUES (1796984826775998465, 1796984131863711745, 1796984801517416449, 50, 146900, '{\"color\":\"感光变色\",\"size\":\"41\"}', 1, 0, 1792188141227216896, 1792188141227216896, '2024-06-02 11:27:02', '2024-06-02 03:19:03');
INSERT INTO `stock_keeping_unit` VALUES (1796984847596523522, 1796984131863711745, 1796984801517416449, 50, 146900, '{\"color\":\"感光变色\",\"size\":\"42\"}', 1, 0, 1792188141227216896, 1792188141227216896, '2024-06-02 11:26:59', '2024-06-02 03:19:08');
INSERT INTO `stock_keeping_unit` VALUES (1796985326166609921, 1796984131863711745, 1796985300014641153, 50, 146900, '{\"color\":\"黑色\",\"size\":\"42\"}', 1, 0, 1792188141227216896, 1792188141227216896, '2024-06-02 11:26:52', '2024-06-02 03:21:02');
INSERT INTO `stock_keeping_unit` VALUES (1796985352376815617, 1796984131863711745, 1796985300014641153, 50, 146900, '{\"color\":\"黑色\",\"size\":\"41\"}', 1, 0, 1792188141227216896, 1792188141227216896, '2024-06-02 03:50:38', '2024-06-02 03:21:09');
INSERT INTO `stock_keeping_unit` VALUES (1796985368847847425, 1796984131863711745, 1796985300014641153, 49, 146900, '{\"color\":\"黑色\",\"size\":\"40\"}', 1, 0, 1792188141227216896, 1792188141227216896, '2024-06-02 11:47:44', '2024-06-02 03:21:12');
INSERT INTO `stock_keeping_unit` VALUES (1796987147941580801, 1796986383676477441, 1796987143692267521, 39, 355900, '{\"color\":\"暗黑暴龙兽黑色混色\",\"size\":\"40\"}', 1, 0, 1792188141227216896, 1792188141227216896, '2024-06-02 11:27:33', '2024-06-02 03:28:17');
INSERT INTO `stock_keeping_unit` VALUES (1796987280955543554, 1796986383676477441, 1796987143692267521, 40, 355900, '{\"color\":\"暗黑暴龙兽黑色混色\",\"size\":\"41\"}', 1, 0, 1792188141227216896, 1792188141227216896, '2024-06-02 11:27:29', '2024-06-02 03:28:48');
INSERT INTO `stock_keeping_unit` VALUES (1796987302099030017, 1796986383676477441, 1796987143692267521, 40, 355900, '{\"color\":\"暗黑暴龙兽黑色混色\",\"size\":\"42\"}', 1, 0, 1792188141227216896, 1792188141227216896, '2024-06-02 11:27:25', '2024-06-02 03:28:53');
INSERT INTO `stock_keeping_unit` VALUES (1796988299928145921, 1796988151151988737, 1796988294244380673, 50, 15900, '{\"color\":\"暖亚麻色\",\"size\":\"40\"}', 1, 0, 1792188141227216896, 1792188141227216896, '2024-06-02 11:28:05', '2024-06-02 03:32:51');
INSERT INTO `stock_keeping_unit` VALUES (1796988320459264002, 1796988151151988737, 1796988294244380673, 50, 15900, '{\"color\":\"暖亚麻色\",\"size\":\"41\"}', 1, 0, 1792188141227216896, 1792188141227216896, '2024-06-02 11:28:02', '2024-06-02 03:32:56');
INSERT INTO `stock_keeping_unit` VALUES (1796988348322025474, 1796988151151988737, 1796988294244380673, 50, 15900, '{\"color\":\"暖亚麻色\",\"size\":\"42\"}', 1, 0, 1792188141227216896, 1792188141227216896, '2024-06-02 11:27:58', '2024-06-02 03:33:03');
INSERT INTO `stock_keeping_unit` VALUES (1796988472393732097, 1796988151151988737, 1796988467230060546, 50, 15900, '{\"color\":\"象牙白\",\"size\":\"42\"}', 1, 0, 1792188141227216896, 1792188141227216896, '2024-06-02 11:27:52', '2024-06-02 03:33:32');
INSERT INTO `stock_keeping_unit` VALUES (1796988493394612225, 1796988151151988737, 1796988467230060546, 50, 15900, '{\"color\":\"象牙白\",\"size\":\"41\"}', 1, 0, 1792188141227216896, 1792188141227216896, '2024-06-02 11:27:49', '2024-06-02 03:33:37');
INSERT INTO `stock_keeping_unit` VALUES (1796988508158562306, 1796988151151988737, 1796988467230060546, 50, 15900, '{\"color\":\"象牙白\",\"size\":\"40\"}', 1, 0, 1792188141227216896, 1792188141227216896, '2024-06-02 11:27:45', '2024-06-02 03:33:41');
INSERT INTO `stock_keeping_unit` VALUES (1796989560408772609, 1796989355114369026, 1796989553617711105, 52, 29900, '{\"color\":\"黑色\",\"size\":\"40\"}', 1, 0, 1792188141227216896, 1792188141227216896, '2024-06-02 12:30:20', '2024-06-02 03:37:52');
INSERT INTO `stock_keeping_unit` VALUES (1796989581321572353, 1796989355114369026, 1796989553617711105, 50, 29900, '{\"color\":\"黑色\",\"size\":\"41\"}', 1, 0, 1792188141227216896, 1792188141227216896, '2024-06-02 11:28:34', '2024-06-02 03:37:57');
INSERT INTO `stock_keeping_unit` VALUES (1796989596454621185, 1796989355114369026, 1796989553617711105, 50, 29900, '{\"color\":\"黑色\",\"size\":\"42\"}', 1, 0, 1792188141227216896, 1792188141227216896, '2024-06-02 11:28:31', '2024-06-02 03:38:00');
INSERT INTO `stock_keeping_unit` VALUES (1796989844174409730, 1796989355114369026, 1796989837450457090, 47, 29900, '{\"color\":\"棕色\",\"size\":\"40\"}', 1, 0, 1792188141227216896, 1792188141227216896, '2024-06-02 11:28:26', '2024-06-02 03:38:59');
INSERT INTO `stock_keeping_unit` VALUES (1796989865963819010, 1796989355114369026, 1796989837450457090, 50, 29900, '{\"color\":\"棕色\",\"size\":\"41\"}', 1, 0, 1792188141227216896, 1792188141227216896, '2024-06-02 11:28:21', '2024-06-02 03:39:05');
INSERT INTO `stock_keeping_unit` VALUES (1796989885786099713, 1796989355114369026, 1796989837450457090, 50, 29900, '{\"color\":\"棕色\",\"size\":\"42\"}', 1, 0, 1792188141227216896, 1792188141227216896, '2024-06-02 11:28:17', '2024-06-02 03:39:09');
INSERT INTO `stock_keeping_unit` VALUES (1796990557885566978, 1796990405888184321, 1796990553086799874, 50, 39900, '{\"color\":\"黑色\",\"size\":\"40\"}', 1, 0, 1792188141227216896, 1792188141227216896, '2024-06-02 11:29:07', '2024-06-02 03:41:50');
INSERT INTO `stock_keeping_unit` VALUES (1796990584066412546, 1796990405888184321, 1796990553086799874, 42, 39900, '{\"color\":\"黑色\",\"size\":\"41\"}', 1, 0, 1792188141227216896, 1792188141227216896, '2024-06-02 11:42:01', '2024-06-02 03:41:56');
INSERT INTO `stock_keeping_unit` VALUES (1796990600780713985, 1796990405888184321, 1796990553086799874, 50, 39900, '{\"color\":\"黑色\",\"size\":\"42\"}', 1, 0, 1792188141227216896, 1792188141227216896, '2024-06-02 11:29:00', '2024-06-02 03:42:00');
INSERT INTO `stock_keeping_unit` VALUES (1796990745085743105, 1796990405888184321, 1796990718451429378, 50, 39900, '{\"color\":\"棕色\",\"size\":\"42\"}', 1, 0, 1792188141227216896, 1792188141227216896, '2024-06-02 11:28:56', '2024-06-02 03:42:34');
INSERT INTO `stock_keeping_unit` VALUES (1796990763637149698, 1796990405888184321, 1796990718451429378, 50, 39900, '{\"color\":\"棕色\",\"size\":\"41\"}', 1, 0, 1792188141227216896, 1792188141227216896, '2024-06-02 11:28:52', '2024-06-02 03:42:39');
INSERT INTO `stock_keeping_unit` VALUES (1796990782792536065, 1796990405888184321, 1796990718451429378, 50, 39900, '{\"color\":\"棕色\",\"size\":\"40\"}', 1, 0, 1792188141227216896, 1792188141227216896, '2024-06-02 11:28:49', '2024-06-02 03:42:43');
INSERT INTO `stock_keeping_unit` VALUES (1797011757907054593, 1797011559772327937, 1797011752831463426, 50, 27900, '{\"color\":\"黑色\",\"size\":\"40\"}', 1, 0, 1792188141227216896, 1792188141227216896, '2024-06-02 05:06:04', '2024-06-02 05:06:04');
INSERT INTO `stock_keeping_unit` VALUES (1797011779671298050, 1797011559772327937, 1797011752831463426, 50, 27900, '{\"color\":\"黑色\",\"size\":\"41\"}', 1, 0, 1792188141227216896, 1792188141227216896, '2024-06-02 05:06:09', '2024-06-02 05:06:09');
INSERT INTO `stock_keeping_unit` VALUES (1797011796033277953, 1797011559772327937, 1797011752831463426, 50, 27900, '{\"color\":\"黑色\",\"size\":\"42\"}', 1, 0, 1792188141227216896, 1792188141227216896, '2024-06-02 05:06:13', '2024-06-02 05:06:13');
INSERT INTO `stock_keeping_unit` VALUES (1797011920008515585, 1797011559772327937, 1797011908817629186, 50, 27900, '{\"color\":\"棕色\",\"size\":\"42\"}', 1, 0, 1792188141227216896, 1792188141227216896, '2024-06-02 05:06:43', '2024-06-02 05:06:43');
INSERT INTO `stock_keeping_unit` VALUES (1797011956729647105, 1797011559772327937, 1797011908817629186, 50, 27900, '{\"color\":\"棕色\",\"size\":\"41\"}', 1, 0, 1792188141227216896, 1792188141227216896, '2024-06-02 05:06:52', '2024-06-02 05:06:52');
INSERT INTO `stock_keeping_unit` VALUES (1797011971959164929, 1797011559772327937, 1797011908817629186, 50, 27900, '{\"color\":\"棕色\",\"size\":\"40\"}', 1, 0, 1792188141227216896, 1792188141227216896, '2024-06-02 05:06:55', '2024-06-02 05:06:55');
INSERT INTO `stock_keeping_unit` VALUES (1797016026873860097, 1797013947136610306, 1797015962054602754, 50, 14300, '{\"color\":\"古典金\",\"size\":\"40\"}', 1, 0, 1792188141227216896, 1792188141227216896, '2024-06-02 05:23:02', '2024-06-02 05:23:02');
INSERT INTO `stock_keeping_unit` VALUES (1797016046436093953, 1797013947136610306, 1797015962054602754, 50, 14300, '{\"color\":\"古典金\",\"size\":\"41\"}', 1, 0, 1792188141227216896, 1792188141227216896, '2024-06-02 05:23:07', '2024-06-02 05:23:07');
INSERT INTO `stock_keeping_unit` VALUES (1797016063708237825, 1797013947136610306, 1797015962054602754, 50, 14300, '{\"color\":\"古典金\",\"size\":\"42\"}', 1, 0, 1792188141227216896, 1792188141227216896, '2024-06-02 05:23:11', '2024-06-02 05:23:11');
INSERT INTO `stock_keeping_unit` VALUES (1797016249738203138, 1797013947136610306, 1797016245186899969, 50, 14300, '{\"color\":\"棉花糖\",\"size\":\"42\"}', 1, 0, 1792188141227216896, 1792188141227216896, '2024-06-02 05:23:55', '2024-06-02 05:23:55');
INSERT INTO `stock_keeping_unit` VALUES (1797016273381494785, 1797013947136610306, 1797016245186899969, 50, 14300, '{\"color\":\"棉花糖\",\"size\":\"41\"}', 1, 0, 1792188141227216896, 1792188141227216896, '2024-06-02 05:24:01', '2024-06-02 05:24:01');
INSERT INTO `stock_keeping_unit` VALUES (1797016291945484290, 1797013947136610306, 1797016245186899969, 50, 14300, '{\"color\":\"棉花糖\",\"size\":\"40\"}', 1, 0, 1792188141227216896, 1792188141227216896, '2024-06-02 05:24:05', '2024-06-02 05:24:05');
INSERT INTO `stock_keeping_unit` VALUES (1797076329967915009, 1797075426066042881, 1797076325873790977, 20, 4500, '{\"color\":\"蓝色\",\"size\":\"37\"}', 1, 0, 1792188141227216896, 1792188141227216896, '2024-06-02 09:23:37', '2024-06-02 09:22:39');
INSERT INTO `stock_keeping_unit` VALUES (1797076520116686849, 1797075426066042881, 1797076325873790977, 20, 4500, '{\"color\":\"蓝色\",\"size\":\"36\"}', 1, 0, 1792188141227216896, 1792188141227216896, '2024-06-02 09:23:25', '2024-06-02 09:23:25');
INSERT INTO `stock_keeping_unit` VALUES (1797084930379878401, 1797084172985044993, 1797084923995664386, 1095, 99600, '{\"color\":\"白\",\"size\":\"44\"}', 1, 0, 1792188141227216896, 1792188141227216896, '2024-06-02 10:01:14', '2024-06-02 09:56:50');
INSERT INTO `stock_keeping_unit` VALUES (1797085616614150145, 1797085062240407553, 1797085599572209665, 79, 18000, '{\"color\":\"黑白\",\"size\":\"43\"}', 1, 0, 1792188141227216896, 1792188141227216896, '2024-06-02 14:20:07', '2024-06-02 09:59:33');
INSERT INTO `stock_keeping_unit` VALUES (1797085782196883457, 1797085062240407553, 1797085599572209665, 75, 18000, '{\"color\":\"灰色\",\"size\":\"42\"}', 1, 0, 1792188141227216896, 1792188141227216896, '2024-06-02 12:48:41', '2024-06-02 10:00:13');
INSERT INTO `stock_keeping_unit` VALUES (1797101051136970753, 1797100574441738241, 1797100808315645954, 56, 24900, '{\"color\":\"象牙白\",\"size\":\"36\"}', 1, 0, 1792188141227216896, 1792188141227216896, '2024-06-02 11:00:53', '2024-06-02 11:00:53');
INSERT INTO `stock_keeping_unit` VALUES (1797101074956423169, 1797100574441738241, 1797100808315645954, 56, 24900, '{\"color\":\"象牙白\",\"size\":\"37\"}', 1, 0, 1792188141227216896, 1792188141227216896, '2024-06-02 11:00:59', '2024-06-02 11:00:59');
INSERT INTO `stock_keeping_unit` VALUES (1797101096703889410, 1797100574441738241, 1797100808315645954, 56, 24900, '{\"color\":\"象牙白\",\"size\":\"38\"}', 1, 0, 1792188141227216896, 1792188141227216896, '2024-06-02 11:01:04', '2024-06-02 11:01:04');
INSERT INTO `stock_keeping_unit` VALUES (1797101256662061057, 1797100574441738241, 1797101244523261953, 56, 24900, '{\"color\":\"桦白色\",\"size\":\"38\"}', 1, 0, 1792188141227216896, 1792188141227216896, '2024-06-02 11:01:42', '2024-06-02 11:01:42');
INSERT INTO `stock_keeping_unit` VALUES (1797101279512629250, 1797100574441738241, 1797101244523261953, 56, 24900, '{\"color\":\"桦白色\",\"size\":\"37\"}', 1, 0, 1792188141227216896, 1792188141227216896, '2024-06-02 11:01:48', '2024-06-02 11:01:48');
INSERT INTO `stock_keeping_unit` VALUES (1797101302560329729, 1797100574441738241, 1797101244523261953, 56, 24900, '{\"color\":\"桦白色\",\"size\":\"36\"}', 1, 0, 1792188141227216896, 1792188141227216896, '2024-06-02 11:01:53', '2024-06-02 11:01:53');
INSERT INTO `stock_keeping_unit` VALUES (1797101967600783362, 1797083911646351361, 1797101964173553666, 10001, 77950, '{\"color\":\"白\",\"size\":\"36\"}', 1, 0, 1792188141227216896, 1792188141227216896, '2024-06-02 12:37:51', '2024-06-02 11:04:32');
INSERT INTO `stock_keeping_unit` VALUES (1797102556099383297, 1797102382371311617, 1797102549052469250, 56, 10900, '{\"color\":\"米粉\",\"size\":\"36\"}', 1, 0, 1792188141227216896, 1792188141227216896, '2024-06-02 11:06:52', '2024-06-02 11:06:52');
INSERT INTO `stock_keeping_unit` VALUES (1797102578845093889, 1797102382371311617, 1797102549052469250, 56, 10900, '{\"color\":\"米粉\",\"size\":\"37\"}', 1, 0, 1792188141227216896, 1792188141227216896, '2024-06-02 11:06:58', '2024-06-02 11:06:58');
INSERT INTO `stock_keeping_unit` VALUES (1797102622453272578, 1797102382371311617, 1797102549052469250, 56, 10900, '{\"color\":\"米粉\",\"size\":\"38\"}', 1, 0, 1792188141227216896, 1792188141227216896, '2024-06-02 11:07:08', '2024-06-02 11:07:08');
INSERT INTO `stock_keeping_unit` VALUES (1797102746193629186, 1797102382371311617, 1797102741411639297, 47, 10900, '{\"color\":\"白黑\",\"size\":\"38\"}', 1, 0, 1792188141227216896, 1792188141227216896, '2024-06-02 11:07:37', '2024-06-02 11:07:37');
INSERT INTO `stock_keeping_unit` VALUES (1797102768339554306, 1797102382371311617, 1797102741411639297, 47, 10900, '{\"color\":\"白黑\",\"size\":\"37\"}', 1, 0, 1792188141227216896, 1792188141227216896, '2024-06-02 11:07:43', '2024-06-02 11:07:43');
INSERT INTO `stock_keeping_unit` VALUES (1797102791399837697, 1797102382371311617, 1797102741411639297, 47, 10900, '{\"color\":\"白黑\",\"size\":\"36\"}', 1, 0, 1792188141227216896, 1792188141227216896, '2024-06-02 11:07:48', '2024-06-02 11:07:48');
INSERT INTO `stock_keeping_unit` VALUES (1797105328941174786, 1796975627643916290, 1797105323559399426, 50, 99800, '{\"color\":\"黑色\",\"size\":\"40\"}', 1, 0, 1792188141227216896, 1792188141227216896, '2024-06-02 11:17:53', '2024-06-02 11:17:53');
INSERT INTO `stock_keeping_unit` VALUES (1797105648656191490, 1796976598293942274, 1797105613750710273, 49, 149900, '{\"color\":\"灰色\",\"size\":\"40\"}', 1, 0, 1792188141227216896, 1792188141227216896, '2024-06-02 11:47:44', '2024-06-02 11:19:09');
INSERT INTO `stock_keeping_unit` VALUES (1797105885311406082, 1796976150208057346, 1797105880428752897, 100, 159900, '{\"color\":\"蓝色\",\"size\":\"37\"}', 1, 0, 1792188141227216896, 1792188141227216896, '2024-06-02 11:20:06', '2024-06-02 11:20:06');
INSERT INTO `stock_keeping_unit` VALUES (1797106124311236609, 1796974849533415426, 1797106109949456385, 100, 25800, '{\"color\":\"粉色\",\"size\":\"36\"}', 1, 0, 1792188141227216896, 1792188141227216896, '2024-06-02 11:21:03', '2024-06-02 11:21:03');
INSERT INTO `stock_keeping_unit` VALUES (1797106708133187586, 1796974849533415426, 1797106703590273025, 100, 25800, '{\"color\":\"粉色\",\"size\":\"37\"}', 1, 0, 1792188141227216896, 1792188141227216896, '2024-06-02 11:23:22', '2024-06-02 11:23:22');
INSERT INTO `stock_keeping_unit` VALUES (1797106747920355330, 1796974849533415426, 1797106703590273025, 100, 25800, '{\"color\":\"粉色\",\"size\":\"38\"}', 1, 0, 1792188141227216896, 1792188141227216896, '2024-06-02 11:23:31', '2024-06-02 11:23:31');
INSERT INTO `stock_keeping_unit` VALUES (1797106905802346497, 1796975627643916290, 1797106901813080066, 50, 99800, '{\"color\":\"黑色\",\"size\":\"41\"}', 1, 0, 1792188141227216896, 1792188141227216896, '2024-06-02 11:24:09', '2024-06-02 11:24:09');
INSERT INTO `stock_keeping_unit` VALUES (1797106930477436929, 1796975627643916290, 1797106901813080066, 50, 99800, '{\"color\":\"黑色\",\"size\":\"42\"}', 1, 0, 1792188141227216896, 1792188141227216896, '2024-06-02 11:24:15', '2024-06-02 11:24:15');
INSERT INTO `stock_keeping_unit` VALUES (1797106950815617026, 1796975627643916290, 1797106901813080066, 50, 99800, '{\"color\":\"黑色\",\"size\":\"43\"}', 1, 0, 1792188141227216896, 1792188141227216896, '2024-06-02 11:24:20', '2024-06-02 11:24:20');
INSERT INTO `stock_keeping_unit` VALUES (1797107167791157249, 1796976150208057346, 1797107164141629441, 50, 159900, '{\"color\":\"蓝色\",\"size\":\"38\"}', 1, 0, 1792188141227216896, 1792188141227216896, '2024-06-02 11:25:12', '2024-06-02 11:25:12');
INSERT INTO `stock_keeping_unit` VALUES (1797107199080665090, 1796976150208057346, 1797107164141629441, 50, 159900, '{\"color\":\"蓝色\",\"size\":\"39\"}', 1, 0, 1792188141227216896, 1792188141227216896, '2024-06-02 11:25:19', '2024-06-02 11:25:19');
INSERT INTO `stock_keeping_unit` VALUES (1797107331620671490, 1796976598293942274, 1797107329569173506, 100, 149900, '{\"color\":\"灰色\",\"size\":\"41\"}', 1, 0, 1792188141227216896, 1792188141227216896, '2024-06-02 11:25:51', '2024-06-02 11:25:51');
INSERT INTO `stock_keeping_unit` VALUES (1797107350205632514, 1796976598293942274, 1797107329569173506, 100, 149900, '{\"color\":\"灰色\",\"size\":\"42\"}', 1, 0, 1792188141227216896, 1792188141227216896, '2024-06-02 11:25:55', '2024-06-02 11:25:55');
INSERT INTO `stock_keeping_unit` VALUES (1797107374213828609, 1796976598293942274, 1797107329569173506, 100, 149900, '{\"color\":\"灰色\",\"size\":\"43\"}', 1, 0, 1792188141227216896, 1792188141227216896, '2024-06-02 11:26:01', '2024-06-02 11:26:01');
INSERT INTO `stock_keeping_unit` VALUES (1797110985555709953, 1797110463218061314, 1797110760329490433, 39, 23100, '{\"color\":\"黑色\",\"size\":\"36\"}', 1, 0, 1792188141227216896, 1792188141227216896, '2024-06-02 11:40:22', '2024-06-02 11:40:22');
INSERT INTO `stock_keeping_unit` VALUES (1797111007110238210, 1797110463218061314, 1797110760329490433, 39, 23100, '{\"color\":\"黑色\",\"size\":\"37\"}', 1, 0, 1792188141227216896, 1792188141227216896, '2024-06-02 11:40:27', '2024-06-02 11:40:27');
INSERT INTO `stock_keeping_unit` VALUES (1797111022679494657, 1797110463218061314, 1797110760329490433, 39, 23100, '{\"color\":\"黑色\",\"size\":\"38\"}', 1, 0, 1792188141227216896, 1792188141227216896, '2024-06-02 11:40:31', '2024-06-02 11:40:31');
INSERT INTO `stock_keeping_unit` VALUES (1797111125465108481, 1797110463218061314, 1797111114337136641, 39, 23100, '{\"color\":\"白色\",\"size\":\"38\"}', 1, 0, 1792188141227216896, 1792188141227216896, '2024-06-02 11:40:55', '2024-06-02 11:40:55');
INSERT INTO `stock_keeping_unit` VALUES (1797111148852547586, 1797110463218061314, 1797111114337136641, 39, 23100, '{\"color\":\"白色\",\"size\":\"37\"}', 1, 0, 1792188141227216896, 1792188141227216896, '2024-06-02 11:41:01', '2024-06-02 11:41:01');
INSERT INTO `stock_keeping_unit` VALUES (1797111170025394177, 1797110463218061314, 1797111114337136641, 39, 23100, '{\"color\":\"白色\",\"size\":\"36\"}', 1, 0, 1792188141227216896, 1792188141227216896, '2024-06-02 11:41:06', '2024-06-02 11:41:06');
INSERT INTO `stock_keeping_unit` VALUES (1797111479279816706, 1797109642468265985, 1797111475588345858, 63, 21900, '{\"color\":\"米色\",\"size\":\"36\"}', 1, 0, 1792188141227216896, 1792188141227216896, '2024-06-02 11:42:20', '2024-06-02 11:42:20');
INSERT INTO `stock_keeping_unit` VALUES (1797111512318349314, 1797109642468265985, 1797111475588345858, 25, 21900, '{\"color\":\"米色\",\"size\":\"37\"}', 1, 0, 1792188141227216896, 1792188141227216896, '2024-06-02 11:42:27', '2024-06-02 11:42:27');
INSERT INTO `stock_keeping_unit` VALUES (1797111547189792770, 1797109642468265985, 1797111475588345858, 28, 21900, '{\"color\":\"米色\",\"size\":\"38\"}', 1, 0, 1792188141227216896, 1792188141227216896, '2024-06-02 11:42:36', '2024-06-02 11:42:36');
INSERT INTO `stock_keeping_unit` VALUES (1797112433014214657, 1797112319113695233, 1797112429645705218, 21, 63900, '{\"color\":\"银色\",\"size\":\"36\"}', 1, 0, 1792188141227216896, 1792188141227216896, '2024-06-02 11:46:07', '2024-06-02 11:46:07');
INSERT INTO `stock_keeping_unit` VALUES (1797112453780213762, 1797112319113695233, 1797112429645705218, 21, 63900, '{\"color\":\"银色\",\"size\":\"37\"}', 1, 0, 1792188141227216896, 1792188141227216896, '2024-06-02 11:46:12', '2024-06-02 11:46:12');
INSERT INTO `stock_keeping_unit` VALUES (1797112471694086146, 1797112319113695233, 1797112429645705218, 21, 63900, '{\"color\":\"银色\",\"size\":\"38\"}', 1, 0, 1792188141227216896, 1792188141227216896, '2024-06-02 11:46:16', '2024-06-02 11:46:16');
INSERT INTO `stock_keeping_unit` VALUES (1797112595572854786, 1797112319113695233, 1797112591843635201, 21, 63900, '{\"color\":\"米白\",\"size\":\"38\"}', 1, 0, 1792188141227216896, 1792188141227216896, '2024-06-02 11:46:46', '2024-06-02 11:46:46');
INSERT INTO `stock_keeping_unit` VALUES (1797112630071005185, 1797112319113695233, 1797112591843635201, 25, 63900, '{\"color\":\"米白\",\"size\":\"37\"}', 1, 0, 1792188141227216896, 1792188141227216896, '2024-06-02 11:46:54', '2024-06-02 11:46:54');
INSERT INTO `stock_keeping_unit` VALUES (1797112662950154241, 1797112319113695233, 1797112591843635201, 45, 63900, '{\"color\":\"米白\",\"size\":\"36\"}', 1, 0, 1792188141227216896, 1792188141227216896, '2024-06-02 11:47:02', '2024-06-02 11:47:02');
INSERT INTO `stock_keeping_unit` VALUES (1797113328485535745, 1797113195760979970, 1797113325167357953, 31, 13500, '{\"color\":\"黑色\",\"size\":\"36\"}', 1, 0, 1792188141227216896, 1792188141227216896, '2024-06-02 11:49:40', '2024-06-02 11:49:40');
INSERT INTO `stock_keeping_unit` VALUES (1797113349662576642, 1797113195760979970, 1797113325167357953, 31, 13500, '{\"color\":\"黑色\",\"size\":\"37\"}', 1, 0, 1792188141227216896, 1792188141227216896, '2024-06-02 11:49:45', '2024-06-02 11:49:45');
INSERT INTO `stock_keeping_unit` VALUES (1797113367786164226, 1797113195760979970, 1797113325167357953, 30, 13500, '{\"color\":\"黑色\",\"size\":\"38\"}', 1, 0, 1792188141227216896, 1792188141227216896, '2024-06-02 12:12:15', '2024-06-02 11:49:50');
INSERT INTO `stock_keeping_unit` VALUES (1797113465630887938, 1797113195760979970, 1797113445741015042, 31, 13500, '{\"color\":\"米白色\",\"size\":\"38\"}', 1, 0, 1792188141227216896, 1792188141227216896, '2024-06-02 11:50:13', '2024-06-02 11:50:13');
INSERT INTO `stock_keeping_unit` VALUES (1797113494848409602, 1797113195760979970, 1797113445741015042, 22, 13500, '{\"color\":\"米白色\",\"size\":\"37\"}', 1, 0, 1792188141227216896, 1792188141227216896, '2024-06-02 11:50:20', '2024-06-02 11:50:20');
INSERT INTO `stock_keeping_unit` VALUES (1797113522564370434, 1797113195760979970, 1797113445741015042, 14, 13500, '{\"color\":\"米白色\",\"size\":\"36\"}', 1, 0, 1792188141227216896, 1792188141227216896, '2024-06-02 11:50:27', '2024-06-02 11:50:27');
INSERT INTO `stock_keeping_unit` VALUES (1797114631764840450, 1797114471215271938, 1797114627859460098, 800, 59900, '{\"color\":\"灰色\",\"size\":\"40\"}', 1, 0, 1792188141227216896, 1792188141227216896, '2024-06-02 11:54:51', '2024-06-02 11:54:51');
INSERT INTO `stock_keeping_unit` VALUES (1797115566259965953, 1797114660990750721, 1797115562769821698, 34, 20900, '{\"color\":\"米白色\",\"size\":\"36\"}', 1, 0, 1792188141227216896, 1792188141227216896, '2024-06-02 11:58:34', '2024-06-02 11:58:34');
INSERT INTO `stock_keeping_unit` VALUES (1797115590054252546, 1797114660990750721, 1797115562769821698, 34, 20900, '{\"color\":\"米白色\",\"size\":\"37\"}', 1, 0, 1792188141227216896, 1792188141227216896, '2024-06-02 11:58:40', '2024-06-02 11:58:40');
INSERT INTO `stock_keeping_unit` VALUES (1797115605048889345, 1797114660990750721, 1797115562769821698, 34, 20900, '{\"color\":\"米白色\",\"size\":\"38\"}', 1, 0, 1792188141227216896, 1792188141227216896, '2024-06-02 11:58:43', '2024-06-02 11:58:43');
INSERT INTO `stock_keeping_unit` VALUES (1797115711122837506, 1797114660990750721, 1797115706370207745, 34, 20900, '{\"color\":\"米灰色\",\"size\":\"38\"}', 1, 0, 1792188141227216896, 1792188141227216896, '2024-06-02 11:59:08', '2024-06-02 11:59:08');
INSERT INTO `stock_keeping_unit` VALUES (1797115744341725186, 1797114660990750721, 1797115706370207745, 56, 20900, '{\"color\":\"米灰色\",\"size\":\"37\"}', 1, 0, 1792188141227216896, 1792188141227216896, '2024-06-02 11:59:16', '2024-06-02 11:59:16');
INSERT INTO `stock_keeping_unit` VALUES (1797115773739601922, 1797114660990750721, 1797115706370207745, 56, 20900, '{\"color\":\"米灰色\",\"size\":\"36\"}', 1, 0, 1792188141227216896, 1792188141227216896, '2024-06-02 11:59:23', '2024-06-02 11:59:23');
INSERT INTO `stock_keeping_unit` VALUES (1797116729030086657, 1797116499186421762, 1797116724927574018, 54, 14500, '{\"color\":\"白色长钉\",\"size\":\"36\"}', 1, 0, 1792188141227216896, 1792188141227216896, '2024-06-02 12:03:11', '2024-06-02 12:03:11');
INSERT INTO `stock_keeping_unit` VALUES (1797116751767408642, 1797116499186421762, 1797116724927574018, 54, 14500, '{\"color\":\"白色长钉\",\"size\":\"37\"}', 1, 0, 1792188141227216896, 1792188141227216896, '2024-06-02 12:03:17', '2024-06-02 12:03:17');
INSERT INTO `stock_keeping_unit` VALUES (1797116769681281025, 1797116499186421762, 1797116724927574018, 54, 14500, '{\"color\":\"白色长钉\",\"size\":\"38\"}', 1, 0, 1792188141227216896, 1792188141227216896, '2024-06-02 12:03:21', '2024-06-02 12:03:21');
INSERT INTO `stock_keeping_unit` VALUES (1797116923297665026, 1797116499186421762, 1797116918675058689, 54, 14500, '{\"color\":\"蓝色长钉\",\"size\":\"38\"}', 1, 0, 1792188141227216896, 1792188141227216896, '2024-06-02 12:03:57', '2024-06-02 12:03:57');
INSERT INTO `stock_keeping_unit` VALUES (1797116943824588802, 1797116499186421762, 1797116918675058689, 54, 14500, '{\"color\":\"蓝色长钉\",\"size\":\"37\"}', 1, 0, 1792188141227216896, 1792188141227216896, '2024-06-02 12:04:02', '2024-06-02 12:04:02');
INSERT INTO `stock_keeping_unit` VALUES (1797116960564056066, 1797116499186421762, 1797116918675058689, 54, 14500, '{\"color\":\"蓝色长钉\",\"size\":\"36\"}', 1, 0, 1792188141227216896, 1792188141227216896, '2024-06-02 12:04:06', '2024-06-02 12:04:06');
INSERT INTO `stock_keeping_unit` VALUES (1797117096241401858, 1797083911646351361, 1797117083850944513, 123, 97800, '{\"color\":\"灰\",\"size\":\"43\"}', 1, 0, 1792188141227216896, 1792188141227216896, '2024-06-02 12:37:51', '2024-06-02 12:04:39');

SET FOREIGN_KEY_CHECKS = 1;
