/*
 Navicat MySQL Data Transfer

 Source Server         : xc
 Source Server Type    : MySQL
 Source Server Version : 80023
 Source Host           : 47.108.192.109:3306
 Source Schema         : xc_promotion

 Target Server Type    : MySQL
 Target Server Version : 80023
 File Encoding         : 65001

 Date: 02/06/2024 16:59:14
*/

SET NAMES utf8mb4;
SET FOREIGN_KEY_CHECKS = 0;

-- ----------------------------
-- Table structure for coupon
-- ----------------------------
DROP TABLE IF EXISTS `coupon`;
CREATE TABLE `coupon`  (
  `id` bigint NOT NULL AUTO_INCREMENT COMMENT '优惠券id',
  `name` varchar(100) CHARACTER SET utf8mb4 COLLATE utf8mb4_0900_ai_ci NOT NULL DEFAULT '0' COMMENT '优惠券名称，可以和活动名称保持一致',
  `discount_type` tinyint NOT NULL COMMENT '折扣类型，1：满减，2：每满减，3：折扣，4：无门槛',
  `specific` bit(1) NOT NULL DEFAULT b'0' COMMENT '是否限定作用范围，false：不限定，true：限定。默认false',
  `discount_value` int NOT NULL DEFAULT 1 COMMENT '折扣值，如果是满减则存满减金额，如果是折扣，则存折扣率，8折就是存80',
  `threshold_amount` int NOT NULL DEFAULT 0 COMMENT '使用门槛，0：表示无门槛，其他值：最低消费金额',
  `max_discount_amount` int NOT NULL DEFAULT 0 COMMENT '最高优惠金额，满减最大，0：表示没有限制，不为0，则表示该券有金额的限制',
  `obtain_way` tinyint NOT NULL DEFAULT 0 COMMENT '获取方式：1：手动领取，2：兑换码',
  `issue_begin_time` datetime(0) NULL DEFAULT NULL COMMENT '开始发放时间',
  `issue_end_time` datetime(0) NULL DEFAULT NULL COMMENT '结束发放时间',
  `term_days` int NOT NULL DEFAULT 0 COMMENT '优惠券有效期天数，0：表示有效期是指定有效期的',
  `term_begin_time` datetime(0) NULL DEFAULT NULL COMMENT '优惠券有效期开始时间',
  `term_end_time` datetime(0) NULL DEFAULT NULL COMMENT '优惠券有效期结束时间',
  `status` tinyint NULL DEFAULT 1 COMMENT '优惠券配置状态，1：待发放，2：未开始   3：进行中，4：已结束，5：暂停',
  `total_num` int NOT NULL DEFAULT 0 COMMENT '总数量，不超过5000',
  `issue_num` int NOT NULL DEFAULT 0 COMMENT '已发行数量，用于判断是否超发',
  `used_num` int NOT NULL DEFAULT 0 COMMENT '已使用数量',
  `user_limit` int NOT NULL DEFAULT 1 COMMENT '每个人限领的数量，默认1',
  `create_time` datetime(0) NOT NULL DEFAULT CURRENT_TIMESTAMP(0) COMMENT '创建时间',
  `update_time` datetime(0) NOT NULL DEFAULT CURRENT_TIMESTAMP(0) ON UPDATE CURRENT_TIMESTAMP(0) COMMENT '更新时间',
  `creater` bigint NOT NULL COMMENT '创建人',
  `updater` bigint NOT NULL COMMENT '更新人',
  PRIMARY KEY (`id`) USING BTREE
) ENGINE = InnoDB AUTO_INCREMENT = 1796878527061676034 CHARACTER SET = utf8mb4 COLLATE = utf8mb4_general_ci COMMENT = '优惠券的规则信息' ROW_FORMAT = Dynamic;

-- ----------------------------
-- Records of coupon
-- ----------------------------
INSERT INTO `coupon` VALUES (1791091324942827522, '测试用的', 4, b'0', 1200, 10000, 0, 1, '2024-05-16 21:00:45', '2024-05-30 23:59:59', 90, NULL, NULL, 4, 1000, 1, 1, 1, '2024-05-16 21:00:24', '2024-05-27 18:17:16', 1790735837504487424, 1790735837504487424);
INSERT INTO `coupon` VALUES (1791094402203009025, '测试用的2', 2, b'0', 80, 20000, 4000, 2, '2024-05-21 16:46:37', '2024-05-21 23:59:59', 2, NULL, NULL, 4, 100, 0, 0, 1, '2024-05-16 21:12:38', '2024-05-27 18:06:33', 1790735837504487424, 1790735837504487424);
INSERT INTO `coupon` VALUES (1791373874563182593, '新年大促', 1, b'1', 2000, 10000, 10000, 1, '2024-05-20 20:18:18', '2024-05-20 21:12:00', 90, NULL, NULL, 4, 100, 0, 0, 1, '2024-05-17 15:43:09', '2024-05-20 21:12:21', 1790735837504487424, 1790735837504487424);
INSERT INTO `coupon` VALUES (1796786410134032386, '测试专用', 3, b'0', 2000, 0, 0, 1, '2024-06-01 14:11:34', '2024-06-30 23:59:59', 20, NULL, NULL, 3, 10, 10, 2, 10, '2024-06-01 14:10:37', '2024-06-02 09:25:52', 1792188141227216896, 1792188141227216896);
INSERT INTO `coupon` VALUES (1796787015174967297, '发放测试', 3, b'0', 2500, 0, 0, 2, '2024-06-01 14:13:42', '2024-06-28 23:59:59', 20, NULL, NULL, 3, 10, 2, 2, 10, '2024-06-01 14:13:01', '2024-06-02 10:01:14', 1792188141227216896, 1792188141227216896);
INSERT INTO `coupon` VALUES (1796873652391235585, '618大促', 4, b'0', 4900, 30000, 0, 1, '2024-06-01 20:35:17', '2024-06-08 23:59:59', 10, NULL, NULL, 5, 10, 0, 0, 1, '2024-06-01 20:00:31', '2024-06-01 20:36:31', 1792188141227216896, 1792188141227216896);
INSERT INTO `coupon` VALUES (1797117502317776897, '儿童节小促', 4, b'0', 600, 66600, 0, 1, '2024-06-02 12:06:45', '2024-06-30 23:59:59', 15, NULL, NULL, 3, 100, 3, 2, 1, '2024-06-02 12:06:16', '2024-06-02 15:25:05', 1792188141227216896, 1792188141227216896);
INSERT INTO `coupon` VALUES (1797125684679266305, '儿童节大促', 4, b'0', 1000, 20000, 0, 2, '2024-06-02 12:39:29', '2024-06-30 23:59:59', 20, NULL, NULL, 3, 100, 2, 1, 1, '2024-06-02 12:38:46', '2024-06-02 16:27:05', 1792188141227216896, 1792188141227216896);
INSERT INTO `coupon` VALUES (1797139423352705026, '618大促', 2, b'0', 80, 20000, 4000, 1, '2024-06-02 13:34:08', '2024-06-27 23:59:59', 10, NULL, NULL, 3, 1000, 1, 1, 1, '2024-06-02 13:33:22', '2024-06-02 14:20:06', 1792188141227216896, 1792188141227216896);
INSERT INTO `coupon` VALUES (1797167380876087297, '618促销', 1, b'0', 500, 10000, 2000, 1, '2024-06-02 15:24:44', '2024-06-12 23:59:59', 6, NULL, NULL, 3, 100, 1, 1, 1, '2024-06-02 15:24:28', '2024-06-02 15:25:05', 1792188141227216896, 1792188141227216896);

-- ----------------------------
-- Table structure for coupon_scope
-- ----------------------------
DROP TABLE IF EXISTS `coupon_scope`;
CREATE TABLE `coupon_scope`  (
  `id` bigint NOT NULL AUTO_INCREMENT,
  `type` tinyint NOT NULL DEFAULT 1 COMMENT '范围限定类型：1-分类，2-商品，等等',
  `coupon_id` bigint NOT NULL COMMENT '优惠券id',
  `biz_id` bigint NOT NULL COMMENT '优惠券作用范围的业务id，例如分类id、商品id',
  PRIMARY KEY (`id`) USING BTREE
) ENGINE = InnoDB AUTO_INCREMENT = 4 CHARACTER SET = utf8mb4 COLLATE = utf8mb4_general_ci COMMENT = '优惠券作用范围信息' ROW_FORMAT = Dynamic;

-- ----------------------------
-- Records of coupon_scope
-- ----------------------------
INSERT INTO `coupon_scope` VALUES (3, 1, 1791373874563182593, 1791078142221910017);

-- ----------------------------
-- Table structure for exchange_code
-- ----------------------------
DROP TABLE IF EXISTS `exchange_code`;
CREATE TABLE `exchange_code`  (
  `id` int NOT NULL COMMENT '兑换码id',
  `code` varchar(10) CHARACTER SET utf8mb4 COLLATE utf8mb4_0900_ai_ci NOT NULL COMMENT '兑换码',
  `status` tinyint NOT NULL DEFAULT 1 COMMENT '兑换码状态， 1：待兑换，2：已兑换，3：兑换活动已结束',
  `user_id` bigint NOT NULL DEFAULT 0 COMMENT '兑换人',
  `exchange_target_id` bigint NOT NULL DEFAULT 0 COMMENT '兑换码目标id，该id则是优惠券的id',
  `create_time` datetime(0) NOT NULL DEFAULT CURRENT_TIMESTAMP(0) COMMENT '创建时间',
  `expired_time` datetime(0) NOT NULL COMMENT '兑换码过期时间',
  `update_time` datetime(0) NOT NULL DEFAULT CURRENT_TIMESTAMP(0) ON UPDATE CURRENT_TIMESTAMP(0) COMMENT '更新时间',
  PRIMARY KEY (`id`) USING BTREE
) ENGINE = InnoDB CHARACTER SET = utf8mb4 COLLATE = utf8mb4_general_ci COMMENT = '兑换码' ROW_FORMAT = Dynamic;

-- ----------------------------
-- Records of exchange_code
-- ----------------------------
INSERT INTO `exchange_code` VALUES (1, 'P52832LKTS', 2, 8575465700640, 1791094402203009025, '2024-05-16 21:13:06', '2024-05-31 23:59:59', '2024-06-02 16:27:05');
INSERT INTO `exchange_code` VALUES (2, 'CM2832LDGS', 1, 0, 1791094402203009025, '2024-05-16 21:13:06', '2024-05-31 23:59:59', '2024-05-16 21:13:06');
INSERT INTO `exchange_code` VALUES (3, '6KJFTHTHJS', 1, 0, 1791094402203009025, '2024-05-16 21:13:07', '2024-05-31 23:59:59', '2024-05-16 21:13:07');
INSERT INTO `exchange_code` VALUES (4, 'G7MWGCWBCB', 1, 0, 1791094402203009025, '2024-05-16 21:13:07', '2024-05-31 23:59:59', '2024-05-16 21:13:07');
INSERT INTO `exchange_code` VALUES (5, 'ESMWGCWC8B', 1, 0, 1791094402203009025, '2024-05-16 21:13:07', '2024-05-31 23:59:59', '2024-05-16 21:13:07');
INSERT INTO `exchange_code` VALUES (6, 'YGNSFBMLXB', 1, 0, 1791094402203009025, '2024-05-16 21:13:07', '2024-05-31 23:59:59', '2024-05-16 21:13:07');
INSERT INTO `exchange_code` VALUES (7, 'SHGCLK5W9B', 1, 0, 1791094402203009025, '2024-05-16 21:13:07', '2024-05-31 23:59:59', '2024-05-16 21:13:07');
INSERT INTO `exchange_code` VALUES (8, 'LLXWAZG4VB', 1, 0, 1791094402203009025, '2024-05-16 21:13:07', '2024-05-31 23:59:59', '2024-05-16 21:13:07');
INSERT INTO `exchange_code` VALUES (9, 'VQNSFBMYYB', 1, 0, 1791094402203009025, '2024-05-16 21:13:07', '2024-05-31 23:59:59', '2024-05-16 21:13:07');
INSERT INTO `exchange_code` VALUES (10, 'CZMWGCWGPB', 1, 0, 1791094402203009025, '2024-05-16 21:13:07', '2024-05-31 23:59:59', '2024-05-16 21:13:07');
INSERT INTO `exchange_code` VALUES (11, '5ZJFTHTUB7', 1, 0, 1791094402203009025, '2024-05-16 21:13:07', '2024-05-31 23:59:59', '2024-05-16 21:13:07');
INSERT INTO `exchange_code` VALUES (12, 'MU2832LMA7', 1, 0, 1791094402203009025, '2024-05-16 21:13:07', '2024-05-31 23:59:59', '2024-05-16 21:13:07');
INSERT INTO `exchange_code` VALUES (13, 'EVNSFBMR37', 1, 0, 1791094402203009025, '2024-05-16 21:13:07', '2024-05-31 23:59:59', '2024-05-16 21:13:07');
INSERT INTO `exchange_code` VALUES (14, '3Q2832L9T7', 1, 0, 1791094402203009025, '2024-05-16 21:13:07', '2024-05-31 23:59:59', '2024-05-16 21:13:07');
INSERT INTO `exchange_code` VALUES (15, 'VKJFTHT3G7', 1, 0, 1791094402203009025, '2024-05-16 21:13:07', '2024-05-31 23:59:59', '2024-05-16 21:13:07');
INSERT INTO `exchange_code` VALUES (16, 'DVNSFBMRTS', 1, 0, 1791094402203009025, '2024-05-16 21:13:07', '2024-05-31 23:59:59', '2024-05-16 21:13:07');
INSERT INTO `exchange_code` VALUES (17, 'TQ2832L9GS', 1, 0, 1791094402203009025, '2024-05-16 21:13:07', '2024-05-31 23:59:59', '2024-05-16 21:13:07');
INSERT INTO `exchange_code` VALUES (18, 'KKJFTHT3JS', 1, 0, 1791094402203009025, '2024-05-16 21:13:07', '2024-05-31 23:59:59', '2024-05-16 21:13:07');
INSERT INTO `exchange_code` VALUES (19, 'NDMWGCWZCB', 1, 0, 1791094402203009025, '2024-05-16 21:13:07', '2024-05-31 23:59:59', '2024-05-16 21:13:07');
INSERT INTO `exchange_code` VALUES (20, 'Z52832LK8B', 1, 0, 1791094402203009025, '2024-05-16 21:13:07', '2024-05-31 23:59:59', '2024-05-16 21:13:07');
INSERT INTO `exchange_code` VALUES (21, 'QM2832LDZB', 1, 0, 1791094402203009025, '2024-05-16 21:13:07', '2024-05-31 23:59:59', '2024-05-16 21:13:07');
INSERT INTO `exchange_code` VALUES (22, 'UKJFTHTH5B', 1, 0, 1791094402203009025, '2024-05-16 21:13:07', '2024-05-31 23:59:59', '2024-05-16 21:13:07');
INSERT INTO `exchange_code` VALUES (23, '77MWGCWBUB', 1, 0, 1791094402203009025, '2024-05-16 21:13:07', '2024-05-31 23:59:59', '2024-05-16 21:13:07');
INSERT INTO `exchange_code` VALUES (24, 'DSMWGCWCEB', 1, 0, 1791094402203009025, '2024-05-16 21:13:07', '2024-05-31 23:59:59', '2024-05-16 21:13:07');
INSERT INTO `exchange_code` VALUES (25, '8GNSFBMLPB', 1, 0, 1791094402203009025, '2024-05-16 21:13:07', '2024-05-31 23:59:59', '2024-05-16 21:13:07');
INSERT INTO `exchange_code` VALUES (26, 'LHGCLK5WB7', 1, 0, 1791094402203009025, '2024-05-16 21:13:08', '2024-05-31 23:59:59', '2024-05-16 21:13:08');
INSERT INTO `exchange_code` VALUES (27, 'FLXWAZG4A7', 1, 0, 1791094402203009025, '2024-05-16 21:13:08', '2024-05-31 23:59:59', '2024-05-16 21:13:08');
INSERT INTO `exchange_code` VALUES (28, 'CQNSFBMY37', 1, 0, 1791094402203009025, '2024-05-16 21:13:08', '2024-05-31 23:59:59', '2024-05-16 21:13:08');
INSERT INTO `exchange_code` VALUES (29, 'QZMWGCWGT7', 1, 0, 1791094402203009025, '2024-05-16 21:13:08', '2024-05-31 23:59:59', '2024-05-16 21:13:08');
INSERT INTO `exchange_code` VALUES (30, 'HZJFTHTUG7', 1, 0, 1791094402203009025, '2024-05-16 21:13:08', '2024-05-31 23:59:59', '2024-05-16 21:13:08');
INSERT INTO `exchange_code` VALUES (31, '6U2832LMJ7', 1, 0, 1791094402203009025, '2024-05-16 21:13:08', '2024-05-31 23:59:59', '2024-05-16 21:13:08');
INSERT INTO `exchange_code` VALUES (32, 'ZXMWGCWGGS', 1, 0, 1791094402203009025, '2024-05-16 21:13:08', '2024-05-31 23:59:59', '2024-05-16 21:13:08');
INSERT INTO `exchange_code` VALUES (33, 'EXJFTHTUJS', 1, 0, 1791094402203009025, '2024-05-16 21:13:08', '2024-05-31 23:59:59', '2024-05-16 21:13:08');
INSERT INTO `exchange_code` VALUES (34, 'WV2832LMCB', 1, 0, 1791094402203009025, '2024-05-16 21:13:08', '2024-05-31 23:59:59', '2024-05-16 21:13:08');
INSERT INTO `exchange_code` VALUES (35, 'VUNSFBMR8B', 1, 0, 1791094402203009025, '2024-05-16 21:13:08', '2024-05-31 23:59:59', '2024-05-16 21:13:08');
INSERT INTO `exchange_code` VALUES (36, 'DG2832L9ZB', 1, 0, 1791094402203009025, '2024-05-16 21:13:08', '2024-05-31 23:59:59', '2024-05-16 21:13:08');
INSERT INTO `exchange_code` VALUES (37, 'PAJFTHT35B', 1, 0, 1791094402203009025, '2024-05-16 21:13:08', '2024-05-31 23:59:59', '2024-05-16 21:13:08');
INSERT INTO `exchange_code` VALUES (38, '48MWGCWZUB', 1, 0, 1791094402203009025, '2024-05-16 21:13:08', '2024-05-31 23:59:59', '2024-05-16 21:13:08');
INSERT INTO `exchange_code` VALUES (39, '2R2832LKEB', 1, 0, 1791094402203009025, '2024-05-16 21:13:08', '2024-05-31 23:59:59', '2024-05-16 21:13:08');
INSERT INTO `exchange_code` VALUES (40, 'ZT2832LDLB', 1, 0, 1791094402203009025, '2024-05-16 21:13:08', '2024-05-31 23:59:59', '2024-05-16 21:13:08');
INSERT INTO `exchange_code` VALUES (41, 'XAJFTHTH77', 1, 0, 1791094402203009025, '2024-05-16 21:13:08', '2024-05-31 23:59:59', '2024-05-16 21:13:08');
INSERT INTO `exchange_code` VALUES (42, 'YHMWGCWBK7', 1, 0, 1791094402203009025, '2024-05-16 21:13:08', '2024-05-31 23:59:59', '2024-05-16 21:13:08');
INSERT INTO `exchange_code` VALUES (43, 'VBMWGCWCN7', 1, 0, 1791094402203009025, '2024-05-16 21:13:08', '2024-05-31 23:59:59', '2024-05-16 21:13:08');
INSERT INTO `exchange_code` VALUES (44, 'MQNSFBMLT7', 1, 0, 1791094402203009025, '2024-05-16 21:13:08', '2024-05-31 23:59:59', '2024-05-16 21:13:08');
INSERT INTO `exchange_code` VALUES (45, 'A7GCLK5WG7', 1, 0, 1791094402203009025, '2024-05-16 21:13:08', '2024-05-31 23:59:59', '2024-05-16 21:13:08');
INSERT INTO `exchange_code` VALUES (46, 'YPXWAZG4J7', 1, 0, 1791094402203009025, '2024-05-16 21:13:08', '2024-05-31 23:59:59', '2024-05-16 21:13:08');
INSERT INTO `exchange_code` VALUES (47, 'TGNSFBMYCH', 1, 0, 1791094402203009025, '2024-05-16 21:13:08', '2024-05-31 23:59:59', '2024-05-16 21:13:08');
INSERT INTO `exchange_code` VALUES (48, 'U7GCLK5WJS', 1, 0, 1791094402203009025, '2024-05-16 21:13:09', '2024-05-31 23:59:59', '2024-05-16 21:13:09');
INSERT INTO `exchange_code` VALUES (49, '8PXWAZG4CB', 1, 0, 1791094402203009025, '2024-05-16 21:13:09', '2024-05-31 23:59:59', '2024-05-16 21:13:09');
INSERT INTO `exchange_code` VALUES (50, '9GNSFBMY8B', 1, 0, 1791094402203009025, '2024-05-16 21:13:09', '2024-05-31 23:59:59', '2024-05-16 21:13:09');
INSERT INTO `exchange_code` VALUES (51, '2XMWGCWGZB', 1, 0, 1791094402203009025, '2024-05-16 21:13:09', '2024-05-31 23:59:59', '2024-05-16 21:13:09');
INSERT INTO `exchange_code` VALUES (52, '9XJFTHTU5B', 1, 0, 1791094402203009025, '2024-05-16 21:13:09', '2024-05-31 23:59:59', '2024-05-16 21:13:09');
INSERT INTO `exchange_code` VALUES (53, 'XV2832LMUB', 1, 0, 1791094402203009025, '2024-05-16 21:13:09', '2024-05-31 23:59:59', '2024-05-16 21:13:09');
INSERT INTO `exchange_code` VALUES (54, 'CUNSFBMREB', 1, 0, 1791094402203009025, '2024-05-16 21:13:09', '2024-05-31 23:59:59', '2024-05-16 21:13:09');
INSERT INTO `exchange_code` VALUES (55, 'VG2832L9LB', 1, 0, 1791094402203009025, '2024-05-16 21:13:09', '2024-05-31 23:59:59', '2024-05-16 21:13:09');
INSERT INTO `exchange_code` VALUES (56, 'BAJFTHT377', 1, 0, 1791094402203009025, '2024-05-16 21:13:09', '2024-05-31 23:59:59', '2024-05-16 21:13:09');
INSERT INTO `exchange_code` VALUES (57, '78MWGCWZK7', 1, 0, 1791094402203009025, '2024-05-16 21:13:09', '2024-05-31 23:59:59', '2024-05-16 21:13:09');
INSERT INTO `exchange_code` VALUES (58, 'HR2832LKN7', 1, 0, 1791094402203009025, '2024-05-16 21:13:09', '2024-05-31 23:59:59', '2024-05-16 21:13:09');
INSERT INTO `exchange_code` VALUES (59, '2T2832LDM7', 1, 0, 1791094402203009025, '2024-05-16 21:13:09', '2024-05-31 23:59:59', '2024-05-16 21:13:09');
INSERT INTO `exchange_code` VALUES (60, 'LAJFTHTH27', 1, 0, 1791094402203009025, '2024-05-16 21:13:09', '2024-05-31 23:59:59', '2024-05-16 21:13:09');
INSERT INTO `exchange_code` VALUES (61, 'NHMWGCWBW7', 1, 0, 1791094402203009025, '2024-05-16 21:13:09', '2024-05-31 23:59:59', '2024-05-16 21:13:09');
INSERT INTO `exchange_code` VALUES (62, 'CBMWGCWCSH', 1, 0, 1791094402203009025, '2024-05-16 21:13:09', '2024-05-31 23:59:59', '2024-05-16 21:13:09');
INSERT INTO `exchange_code` VALUES (63, '6QNSFBML8H', 1, 0, 1791094402203009025, '2024-05-16 21:13:09', '2024-05-31 23:59:59', '2024-05-16 21:13:09');
INSERT INTO `exchange_code` VALUES (64, 'M8MWGCWBSB', 1, 0, 1791094402203009025, '2024-05-16 21:13:09', '2024-05-31 23:59:59', '2024-05-16 21:13:09');
INSERT INTO `exchange_code` VALUES (65, 'P6MWGCWCDB', 1, 0, 1791094402203009025, '2024-05-16 21:13:09', '2024-05-31 23:59:59', '2024-05-16 21:13:09');
INSERT INTO `exchange_code` VALUES (66, 'WUNSFBMLZB', 1, 0, 1791094402203009025, '2024-05-16 21:13:09', '2024-05-31 23:59:59', '2024-05-16 21:13:09');
INSERT INTO `exchange_code` VALUES (67, '8DGCLK5W5B', 1, 0, 1791094402203009025, '2024-05-16 21:13:09', '2024-05-31 23:59:59', '2024-05-16 21:13:09');
INSERT INTO `exchange_code` VALUES (68, 'MWXWAZG4UB', 1, 0, 1791094402203009025, '2024-05-16 21:13:09', '2024-05-31 23:59:59', '2024-05-16 21:13:09');
INSERT INTO `exchange_code` VALUES (69, '2VNSFBMYEB', 1, 0, 1791094402203009025, '2024-05-16 21:13:10', '2024-05-31 23:59:59', '2024-05-16 21:13:10');
INSERT INTO `exchange_code` VALUES (70, '3KMWGCWGLB', 1, 0, 1791094402203009025, '2024-05-16 21:13:10', '2024-05-31 23:59:59', '2024-05-16 21:13:10');
INSERT INTO `exchange_code` VALUES (71, 'JKJFTHTU77', 1, 0, 1791094402203009025, '2024-05-16 21:13:10', '2024-05-31 23:59:59', '2024-05-16 21:13:10');
INSERT INTO `exchange_code` VALUES (72, 'GG2832LMK7', 1, 0, 1791094402203009025, '2024-05-16 21:13:10', '2024-05-31 23:59:59', '2024-05-16 21:13:10');
INSERT INTO `exchange_code` VALUES (73, 'PQNSFBMRN7', 1, 0, 1791094402203009025, '2024-05-16 21:13:10', '2024-05-31 23:59:59', '2024-05-16 21:13:10');
INSERT INTO `exchange_code` VALUES (74, 'KV2832L9M7', 1, 0, 1791094402203009025, '2024-05-16 21:13:10', '2024-05-31 23:59:59', '2024-05-16 21:13:10');
INSERT INTO `exchange_code` VALUES (75, '5ZJFTHT327', 1, 0, 1791094402203009025, '2024-05-16 21:13:10', '2024-05-31 23:59:59', '2024-05-16 21:13:10');
INSERT INTO `exchange_code` VALUES (76, 'RHMWGCWZW7', 1, 0, 1791094402203009025, '2024-05-16 21:13:10', '2024-05-31 23:59:59', '2024-05-16 21:13:10');
INSERT INTO `exchange_code` VALUES (77, 'TT2832LKSH', 1, 0, 1791094402203009025, '2024-05-16 21:13:10', '2024-05-31 23:59:59', '2024-05-16 21:13:10');
INSERT INTO `exchange_code` VALUES (78, '3R2832LDDH', 1, 0, 1791094402203009025, '2024-05-16 21:13:10', '2024-05-31 23:59:59', '2024-05-16 21:13:10');
INSERT INTO `exchange_code` VALUES (79, 'FZJFTHTHFH', 1, 0, 1791094402203009025, '2024-05-16 21:13:10', '2024-05-31 23:59:59', '2024-05-16 21:13:10');
INSERT INTO `exchange_code` VALUES (80, '9T2832LKDB', 1, 0, 1791094402203009025, '2024-05-16 21:13:10', '2024-05-31 23:59:59', '2024-05-16 21:13:10');
INSERT INTO `exchange_code` VALUES (81, 'TR2832LDFB', 1, 0, 1791094402203009025, '2024-05-16 21:13:10', '2024-05-31 23:59:59', '2024-05-16 21:13:10');
INSERT INTO `exchange_code` VALUES (82, 'RZJFTHTHRB', 1, 0, 1791094402203009025, '2024-05-16 21:13:10', '2024-05-31 23:59:59', '2024-05-16 21:13:10');
INSERT INTO `exchange_code` VALUES (83, '68MWGCWBQB', 1, 0, 1791094402203009025, '2024-05-16 21:13:10', '2024-05-31 23:59:59', '2024-05-16 21:13:10');
INSERT INTO `exchange_code` VALUES (84, 'Z6MWGCWC4B', 1, 0, 1791094402203009025, '2024-05-16 21:13:10', '2024-05-31 23:59:59', '2024-05-16 21:13:10');
INSERT INTO `exchange_code` VALUES (85, 'XUNSFBMLLB', 1, 0, 1791094402203009025, '2024-05-16 21:13:10', '2024-05-31 23:59:59', '2024-05-16 21:13:10');
INSERT INTO `exchange_code` VALUES (86, 'MDGCLK5W77', 1, 0, 1791094402203009025, '2024-05-16 21:13:10', '2024-05-31 23:59:59', '2024-05-16 21:13:10');
INSERT INTO `exchange_code` VALUES (87, '6WXWAZG4K7', 1, 0, 1791094402203009025, '2024-05-16 21:13:10', '2024-05-31 23:59:59', '2024-05-16 21:13:10');
INSERT INTO `exchange_code` VALUES (88, 'HVNSFBMYN7', 1, 0, 1791094402203009025, '2024-05-16 21:13:10', '2024-05-31 23:59:59', '2024-05-16 21:13:10');
INSERT INTO `exchange_code` VALUES (89, 'TKMWGCWGM7', 1, 0, 1791094402203009025, '2024-05-16 21:13:10', '2024-05-31 23:59:59', '2024-05-16 21:13:10');
INSERT INTO `exchange_code` VALUES (90, 'CKJFTHTU27', 1, 0, 1791094402203009025, '2024-05-16 21:13:11', '2024-05-31 23:59:59', '2024-05-16 21:13:11');
INSERT INTO `exchange_code` VALUES (91, '7G2832LMW7', 1, 0, 1791094402203009025, '2024-05-16 21:13:11', '2024-05-31 23:59:59', '2024-05-16 21:13:11');
INSERT INTO `exchange_code` VALUES (92, 'ZQNSFBMRSH', 1, 0, 1791094402203009025, '2024-05-16 21:13:11', '2024-05-31 23:59:59', '2024-05-16 21:13:11');
INSERT INTO `exchange_code` VALUES (93, 'PV2832L9DH', 1, 0, 1791094402203009025, '2024-05-16 21:13:11', '2024-05-31 23:59:59', '2024-05-16 21:13:11');
INSERT INTO `exchange_code` VALUES (94, 'HZJFTHT3FH', 1, 0, 1791094402203009025, '2024-05-16 21:13:11', '2024-05-31 23:59:59', '2024-05-16 21:13:11');
INSERT INTO `exchange_code` VALUES (95, 'SHMWGCWZRH', 1, 0, 1791094402203009025, '2024-05-16 21:13:11', '2024-05-31 23:59:59', '2024-05-16 21:13:11');
INSERT INTO `exchange_code` VALUES (96, 'BU2832L9FB', 1, 0, 1791094402203009025, '2024-05-16 21:13:11', '2024-05-31 23:59:59', '2024-05-16 21:13:11');
INSERT INTO `exchange_code` VALUES (97, 'EXJFTHT3RB', 1, 0, 1791094402203009025, '2024-05-16 21:13:11', '2024-05-31 23:59:59', '2024-05-16 21:13:11');
INSERT INTO `exchange_code` VALUES (98, 'L7MWGCWZQB', 1, 0, 1791094402203009025, '2024-05-16 21:13:11', '2024-05-31 23:59:59', '2024-05-16 21:13:11');
INSERT INTO `exchange_code` VALUES (99, 'JM2832LK4B', 1, 0, 1791094402203009025, '2024-05-16 21:13:11', '2024-05-31 23:59:59', '2024-05-16 21:13:11');
INSERT INTO `exchange_code` VALUES (100, 'D52832LD67', 1, 0, 1791094402203009025, '2024-05-16 21:13:11', '2024-05-31 23:59:59', '2024-05-16 21:13:11');
INSERT INTO `exchange_code` VALUES (101, '8XJFTHTHH7', 1, 0, 1796787015174967297, '2024-06-01 14:13:42', '2024-06-28 23:59:59', '2024-06-01 14:13:42');
INSERT INTO `exchange_code` VALUES (102, 'UDMWGCWBX7', 1, 0, 1796787015174967297, '2024-06-01 14:13:42', '2024-06-28 23:59:59', '2024-06-01 14:13:42');
INSERT INTO `exchange_code` VALUES (103, '2CMWGCWC97', 1, 0, 1796787015174967297, '2024-06-01 14:13:42', '2024-06-28 23:59:59', '2024-06-01 14:13:42');
INSERT INTO `exchange_code` VALUES (104, 'GVNSFBMLM7', 1, 0, 1796787015174967297, '2024-06-01 14:13:42', '2024-06-28 23:59:59', '2024-06-01 14:13:42');
INSERT INTO `exchange_code` VALUES (105, 'F8GCLK5W27', 1, 0, 1796787015174967297, '2024-06-01 14:13:42', '2024-06-28 23:59:59', '2024-06-01 14:13:42');
INSERT INTO `exchange_code` VALUES (106, 'WJXWAZG4W7', 1, 0, 1796787015174967297, '2024-06-01 14:13:42', '2024-06-28 23:59:59', '2024-06-01 14:13:42');
INSERT INTO `exchange_code` VALUES (107, 'QUNSFBMYSH', 1, 0, 1796787015174967297, '2024-06-01 14:13:42', '2024-06-28 23:59:59', '2024-06-01 14:13:42');
INSERT INTO `exchange_code` VALUES (108, 'DAMWGCWGDH', 1, 0, 1796787015174967297, '2024-06-01 14:13:42', '2024-06-28 23:59:59', '2024-06-01 14:13:42');
INSERT INTO `exchange_code` VALUES (109, 'QAJFTHTUFH', 1, 0, 1796787015174967297, '2024-06-01 14:13:42', '2024-06-28 23:59:59', '2024-06-01 14:13:42');
INSERT INTO `exchange_code` VALUES (110, 'RQ2832LMRH', 1, 0, 1796787015174967297, '2024-06-01 14:13:42', '2024-06-28 23:59:59', '2024-06-01 14:13:42');
INSERT INTO `exchange_code` VALUES (111, '2GNSFBMRQH', 1, 0, 1797125684679266305, '2024-06-02 12:39:30', '2024-06-30 23:59:59', '2024-06-02 12:39:30');
INSERT INTO `exchange_code` VALUES (112, 'ZAJFTHTURB', 1, 0, 1797125684679266305, '2024-06-02 12:39:31', '2024-06-30 23:59:59', '2024-06-02 12:39:31');
INSERT INTO `exchange_code` VALUES (113, 'NQ2832LMQB', 1, 0, 1797125684679266305, '2024-06-02 12:39:31', '2024-06-30 23:59:59', '2024-06-02 12:39:31');
INSERT INTO `exchange_code` VALUES (114, 'HGNSFBMR4B', 1, 0, 1797125684679266305, '2024-06-02 12:39:31', '2024-06-30 23:59:59', '2024-06-02 12:39:31');
INSERT INTO `exchange_code` VALUES (115, '5U2832L967', 1, 0, 1797125684679266305, '2024-06-02 12:39:31', '2024-06-30 23:59:59', '2024-06-02 12:39:31');
INSERT INTO `exchange_code` VALUES (116, '9XJFTHT3H7', 1, 0, 1797125684679266305, '2024-06-02 12:39:31', '2024-06-30 23:59:59', '2024-06-02 12:39:31');
INSERT INTO `exchange_code` VALUES (117, 'A7MWGCWZX7', 1, 0, 1797125684679266305, '2024-06-02 12:39:31', '2024-06-30 23:59:59', '2024-06-02 12:39:31');
INSERT INTO `exchange_code` VALUES (118, 'KM2832LK97', 1, 0, 1797125684679266305, '2024-06-02 12:39:31', '2024-06-30 23:59:59', '2024-06-02 12:39:31');
INSERT INTO `exchange_code` VALUES (119, 'V52832LDV7', 1, 0, 1797125684679266305, '2024-06-02 12:39:31', '2024-06-30 23:59:59', '2024-06-02 12:39:31');
INSERT INTO `exchange_code` VALUES (120, '4XJFTHTHY7', 1, 0, 1797125684679266305, '2024-06-02 12:39:31', '2024-06-30 23:59:59', '2024-06-02 12:39:31');
INSERT INTO `exchange_code` VALUES (121, 'XDMWGCWBP7', 1, 0, 1797125684679266305, '2024-06-02 12:39:31', '2024-06-30 23:59:59', '2024-06-02 12:39:31');
INSERT INTO `exchange_code` VALUES (122, 'HCMWGCWCBH', 1, 0, 1797125684679266305, '2024-06-02 12:39:31', '2024-06-30 23:59:59', '2024-06-02 12:39:31');
INSERT INTO `exchange_code` VALUES (123, '7VNSFBMLDH', 1, 0, 1797125684679266305, '2024-06-02 12:39:31', '2024-06-30 23:59:59', '2024-06-02 12:39:31');
INSERT INTO `exchange_code` VALUES (124, 'Y8GCLK5WFH', 1, 0, 1797125684679266305, '2024-06-02 12:39:31', '2024-06-30 23:59:59', '2024-06-02 12:39:31');
INSERT INTO `exchange_code` VALUES (125, 'XJXWAZG4RH', 1, 0, 1797125684679266305, '2024-06-02 12:39:31', '2024-06-30 23:59:59', '2024-06-02 12:39:31');
INSERT INTO `exchange_code` VALUES (126, 'BUNSFBMYQH', 1, 0, 1797125684679266305, '2024-06-02 12:39:31', '2024-06-30 23:59:59', '2024-06-02 12:39:31');
INSERT INTO `exchange_code` VALUES (127, 'VAMWGCWG4H', 1, 0, 1797125684679266305, '2024-06-02 12:39:31', '2024-06-30 23:59:59', '2024-06-02 12:39:31');
INSERT INTO `exchange_code` VALUES (128, 'G4XWAZG4QB', 1, 0, 1797125684679266305, '2024-06-02 12:39:31', '2024-06-30 23:59:59', '2024-06-02 12:39:31');
INSERT INTO `exchange_code` VALUES (129, 'JTNSFBMY4B', 1, 0, 1797125684679266305, '2024-06-02 12:39:31', '2024-06-30 23:59:59', '2024-06-02 12:39:31');
INSERT INTO `exchange_code` VALUES (130, 'K9MWGCWG67', 1, 0, 1797125684679266305, '2024-06-02 12:39:31', '2024-06-30 23:59:59', '2024-06-02 12:39:31');
INSERT INTO `exchange_code` VALUES (131, '29JFTHTUH7', 1, 0, 1797125684679266305, '2024-06-02 12:39:31', '2024-06-30 23:59:59', '2024-06-02 12:39:31');
INSERT INTO `exchange_code` VALUES (132, '4R2832LMX7', 1, 0, 1797125684679266305, '2024-06-02 12:39:31', '2024-06-30 23:59:59', '2024-06-02 12:39:31');
INSERT INTO `exchange_code` VALUES (133, 'T5NSFBMR97', 1, 0, 1797125684679266305, '2024-06-02 12:39:31', '2024-06-30 23:59:59', '2024-06-02 12:39:31');
INSERT INTO `exchange_code` VALUES (134, 'HT2832L9V7', 1, 0, 1797125684679266305, '2024-06-02 12:39:31', '2024-06-30 23:59:59', '2024-06-02 12:39:31');
INSERT INTO `exchange_code` VALUES (135, 'J3JFTHT3Y7', 1, 0, 1797125684679266305, '2024-06-02 12:39:31', '2024-06-30 23:59:59', '2024-06-02 12:39:31');
INSERT INTO `exchange_code` VALUES (136, 'UBMWGCWZP7', 1, 0, 1797125684679266305, '2024-06-02 12:39:31', '2024-06-30 23:59:59', '2024-06-02 12:39:31');
INSERT INTO `exchange_code` VALUES (137, 'QV2832LKBH', 1, 0, 1797125684679266305, '2024-06-02 12:39:31', '2024-06-30 23:59:59', '2024-06-02 12:39:31');
INSERT INTO `exchange_code` VALUES (138, 'KG2832LDAH', 1, 0, 1797125684679266305, '2024-06-02 12:39:31', '2024-06-30 23:59:59', '2024-06-02 12:39:31');
INSERT INTO `exchange_code` VALUES (139, 'A3JFTHTH3H', 1, 0, 1797125684679266305, '2024-06-02 12:39:31', '2024-06-30 23:59:59', '2024-06-02 12:39:31');
INSERT INTO `exchange_code` VALUES (140, 'L6MWGCWBTH', 1, 0, 1797125684679266305, '2024-06-02 12:39:31', '2024-06-30 23:59:59', '2024-06-02 12:39:31');
INSERT INTO `exchange_code` VALUES (141, 'T8MWGCWCGH', 1, 0, 1797125684679266305, '2024-06-02 12:39:31', '2024-06-30 23:59:59', '2024-06-02 12:39:31');
INSERT INTO `exchange_code` VALUES (142, 'RMNSFBML4H', 1, 0, 1797125684679266305, '2024-06-02 12:39:31', '2024-06-30 23:59:59', '2024-06-02 12:39:31');
INSERT INTO `exchange_code` VALUES (143, 'XCGCLK5W68', 1, 0, 1797125684679266305, '2024-06-02 12:39:31', '2024-06-30 23:59:59', '2024-06-02 12:39:31');
INSERT INTO `exchange_code` VALUES (144, '98MWGCWCJB', 1, 0, 1797125684679266305, '2024-06-02 12:39:31', '2024-06-30 23:59:59', '2024-06-02 12:39:31');
INSERT INTO `exchange_code` VALUES (145, 'NMNSFBML67', 1, 0, 1797125684679266305, '2024-06-02 12:39:31', '2024-06-30 23:59:59', '2024-06-02 12:39:31');
INSERT INTO `exchange_code` VALUES (146, 'GCGCLK5WH7', 1, 0, 1797125684679266305, '2024-06-02 12:39:31', '2024-06-30 23:59:59', '2024-06-02 12:39:31');
INSERT INTO `exchange_code` VALUES (147, '74XWAZG4X7', 1, 0, 1797125684679266305, '2024-06-02 12:39:31', '2024-06-30 23:59:59', '2024-06-02 12:39:31');
INSERT INTO `exchange_code` VALUES (148, 'KTNSFBMY97', 1, 0, 1797125684679266305, '2024-06-02 12:39:31', '2024-06-30 23:59:59', '2024-06-02 12:39:31');
INSERT INTO `exchange_code` VALUES (149, 'P9MWGCWGV7', 1, 0, 1797125684679266305, '2024-06-02 12:39:31', '2024-06-30 23:59:59', '2024-06-02 12:39:31');
INSERT INTO `exchange_code` VALUES (150, '39JFTHTUY7', 1, 0, 1797125684679266305, '2024-06-02 12:39:31', '2024-06-30 23:59:59', '2024-06-02 12:39:31');
INSERT INTO `exchange_code` VALUES (151, 'AR2832LMP7', 1, 0, 1797125684679266305, '2024-06-02 12:39:31', '2024-06-30 23:59:59', '2024-06-02 12:39:31');
INSERT INTO `exchange_code` VALUES (152, '95NSFBMRBH', 1, 0, 1797125684679266305, '2024-06-02 12:39:31', '2024-06-30 23:59:59', '2024-06-02 12:39:31');
INSERT INTO `exchange_code` VALUES (153, 'ET2832L9AH', 1, 0, 1797125684679266305, '2024-06-02 12:39:31', '2024-06-30 23:59:59', '2024-06-02 12:39:31');
INSERT INTO `exchange_code` VALUES (154, 'C3JFTHT33H', 1, 0, 1797125684679266305, '2024-06-02 12:39:31', '2024-06-30 23:59:59', '2024-06-02 12:39:31');
INSERT INTO `exchange_code` VALUES (155, '8BMWGCWZTH', 1, 0, 1797125684679266305, '2024-06-02 12:39:31', '2024-06-30 23:59:59', '2024-06-02 12:39:31');
INSERT INTO `exchange_code` VALUES (156, 'BV2832LKGH', 1, 0, 1797125684679266305, '2024-06-02 12:39:31', '2024-06-30 23:59:59', '2024-06-02 12:39:31');
INSERT INTO `exchange_code` VALUES (157, 'PG2832LDJH', 1, 0, 1797125684679266305, '2024-06-02 12:39:31', '2024-06-30 23:59:59', '2024-06-02 12:39:31');
INSERT INTO `exchange_code` VALUES (158, 'W3JFTHTHC8', 1, 0, 1797125684679266305, '2024-06-02 12:39:31', '2024-06-30 23:59:59', '2024-06-02 12:39:31');
INSERT INTO `exchange_code` VALUES (159, 'F6MWGCWB88', 1, 0, 1797125684679266305, '2024-06-02 12:39:31', '2024-06-30 23:59:59', '2024-06-02 12:39:31');
INSERT INTO `exchange_code` VALUES (160, 'BQ2832LDC7', 1, 0, 1797125684679266305, '2024-06-02 12:39:31', '2024-06-30 23:59:59', '2024-06-02 12:39:31');
INSERT INTO `exchange_code` VALUES (161, 'SFJFTHTH87', 1, 0, 1797125684679266305, '2024-06-02 12:39:31', '2024-06-30 23:59:59', '2024-06-02 12:39:31');
INSERT INTO `exchange_code` VALUES (162, 'RCMWGCWBZ7', 1, 0, 1797125684679266305, '2024-06-02 12:39:31', '2024-06-30 23:59:59', '2024-06-02 12:39:31');
INSERT INTO `exchange_code` VALUES (163, 'JDMWGCWC57', 1, 0, 1797125684679266305, '2024-06-02 12:39:31', '2024-06-30 23:59:59', '2024-06-02 12:39:31');
INSERT INTO `exchange_code` VALUES (164, '4TNSFBMLV7', 1, 0, 1797125684679266305, '2024-06-02 12:39:31', '2024-06-30 23:59:59', '2024-06-02 12:39:31');
INSERT INTO `exchange_code` VALUES (165, '66GCLK5WY7', 1, 0, 1797125684679266305, '2024-06-02 12:39:31', '2024-06-30 23:59:59', '2024-06-02 12:39:31');
INSERT INTO `exchange_code` VALUES (166, 'REXWAZG4P7', 1, 0, 1797125684679266305, '2024-06-02 12:39:31', '2024-06-30 23:59:59', '2024-06-02 12:39:31');
INSERT INTO `exchange_code` VALUES (167, 'EMNSFBMYBH', 1, 0, 1797125684679266305, '2024-06-02 12:39:31', '2024-06-30 23:59:59', '2024-06-02 12:39:31');
INSERT INTO `exchange_code` VALUES (168, 'BNMWGCWGAH', 1, 0, 1797125684679266305, '2024-06-02 12:39:31', '2024-06-30 23:59:59', '2024-06-02 12:39:31');
INSERT INTO `exchange_code` VALUES (169, 'TNJFTHTU3H', 1, 0, 1797125684679266305, '2024-06-02 12:39:31', '2024-06-30 23:59:59', '2024-06-02 12:39:31');
INSERT INTO `exchange_code` VALUES (170, 'U52832LMTH', 1, 0, 1797125684679266305, '2024-06-02 12:39:31', '2024-06-30 23:59:59', '2024-06-02 12:39:31');
INSERT INTO `exchange_code` VALUES (171, 'JRNSFBMRGH', 1, 0, 1797125684679266305, '2024-06-02 12:39:31', '2024-06-30 23:59:59', '2024-06-02 12:39:31');
INSERT INTO `exchange_code` VALUES (172, '9M2832L9JH', 1, 0, 1797125684679266305, '2024-06-02 12:39:31', '2024-06-30 23:59:59', '2024-06-02 12:39:31');
INSERT INTO `exchange_code` VALUES (173, 'QFJFTHT3C8', 1, 0, 1797125684679266305, '2024-06-02 12:39:31', '2024-06-30 23:59:59', '2024-06-02 12:39:31');
INSERT INTO `exchange_code` VALUES (174, 'MSMWGCWZ88', 1, 0, 1797125684679266305, '2024-06-02 12:39:31', '2024-06-30 23:59:59', '2024-06-02 12:39:31');
INSERT INTO `exchange_code` VALUES (175, '5U2832LKZ8', 1, 0, 1797125684679266305, '2024-06-02 12:39:31', '2024-06-30 23:59:59', '2024-06-02 12:39:31');
INSERT INTO `exchange_code` VALUES (176, 'ZFJFTHT387', 1, 0, 1797125684679266305, '2024-06-02 12:39:31', '2024-06-30 23:59:59', '2024-06-02 12:39:31');
INSERT INTO `exchange_code` VALUES (177, 'FSMWGCWZZ7', 1, 0, 1797125684679266305, '2024-06-02 12:39:31', '2024-06-30 23:59:59', '2024-06-02 12:39:31');
INSERT INTO `exchange_code` VALUES (178, '3U2832LK57', 1, 0, 1797125684679266305, '2024-06-02 12:39:31', '2024-06-30 23:59:59', '2024-06-02 12:39:31');
INSERT INTO `exchange_code` VALUES (179, '5Q2832LDU7', 1, 0, 1797125684679266305, '2024-06-02 12:39:31', '2024-06-30 23:59:59', '2024-06-02 12:39:31');
INSERT INTO `exchange_code` VALUES (180, 'GFJFTHTHE7', 1, 0, 1797125684679266305, '2024-06-02 12:39:31', '2024-06-30 23:59:59', '2024-06-02 12:39:31');
INSERT INTO `exchange_code` VALUES (181, '8CMWGCWBL7', 1, 0, 1797125684679266305, '2024-06-02 12:39:31', '2024-06-30 23:59:59', '2024-06-02 12:39:31');
INSERT INTO `exchange_code` VALUES (182, 'KDMWGCWC7H', 1, 0, 1797125684679266305, '2024-06-02 12:39:31', '2024-06-30 23:59:59', '2024-06-02 12:39:31');
INSERT INTO `exchange_code` VALUES (183, 'ATNSFBMLAH', 1, 0, 1797125684679266305, '2024-06-02 12:39:31', '2024-06-30 23:59:59', '2024-06-02 12:39:31');
INSERT INTO `exchange_code` VALUES (184, 'W6GCLK5W3H', 1, 0, 1797125684679266305, '2024-06-02 12:39:31', '2024-06-30 23:59:59', '2024-06-02 12:39:31');
INSERT INTO `exchange_code` VALUES (185, 'NEXWAZG4TH', 1, 0, 1797125684679266305, '2024-06-02 12:39:31', '2024-06-30 23:59:59', '2024-06-02 12:39:31');
INSERT INTO `exchange_code` VALUES (186, 'DMNSFBMYGH', 1, 0, 1797125684679266305, '2024-06-02 12:39:31', '2024-06-30 23:59:59', '2024-06-02 12:39:31');
INSERT INTO `exchange_code` VALUES (187, '5NMWGCWGJH', 1, 0, 1797125684679266305, '2024-06-02 12:39:31', '2024-06-30 23:59:59', '2024-06-02 12:39:31');
INSERT INTO `exchange_code` VALUES (188, 'DNJFTHTUC8', 1, 0, 1797125684679266305, '2024-06-02 12:39:31', '2024-06-30 23:59:59', '2024-06-02 12:39:31');
INSERT INTO `exchange_code` VALUES (189, 'S52832LM88', 1, 0, 1797125684679266305, '2024-06-02 12:39:31', '2024-06-30 23:59:59', '2024-06-02 12:39:31');
INSERT INTO `exchange_code` VALUES (190, 'KRNSFBMRZ8', 1, 0, 1797125684679266305, '2024-06-02 12:39:31', '2024-06-30 23:59:59', '2024-06-02 12:39:31');
INSERT INTO `exchange_code` VALUES (191, 'JM2832L958', 1, 0, 1797125684679266305, '2024-06-02 12:39:31', '2024-06-30 23:59:59', '2024-06-02 12:39:31');
INSERT INTO `exchange_code` VALUES (192, 'LM2832LMZ7', 1, 0, 1797125684679266305, '2024-06-02 12:39:31', '2024-06-30 23:59:59', '2024-06-02 12:39:31');
INSERT INTO `exchange_code` VALUES (193, 'QTNSFBMR57', 1, 0, 1797125684679266305, '2024-06-02 12:39:31', '2024-06-30 23:59:59', '2024-06-02 12:39:31');
INSERT INTO `exchange_code` VALUES (194, 'C52832L9U7', 1, 0, 1797125684679266305, '2024-06-02 12:39:31', '2024-06-30 23:59:59', '2024-06-02 12:39:31');
INSERT INTO `exchange_code` VALUES (195, '29JFTHT3E7', 1, 0, 1797125684679266305, '2024-06-02 12:39:31', '2024-06-30 23:59:59', '2024-06-02 12:39:31');
INSERT INTO `exchange_code` VALUES (196, 'YCMWGCWZL7', 1, 0, 1797125684679266305, '2024-06-02 12:39:31', '2024-06-30 23:59:59', '2024-06-02 12:39:31');
INSERT INTO `exchange_code` VALUES (197, 'EQ2832LK7H', 1, 0, 1797125684679266305, '2024-06-02 12:39:31', '2024-06-30 23:59:59', '2024-06-02 12:39:31');
INSERT INTO `exchange_code` VALUES (198, 'HU2832LDKH', 1, 0, 1797125684679266305, '2024-06-02 12:39:31', '2024-06-30 23:59:59', '2024-06-02 12:39:31');
INSERT INTO `exchange_code` VALUES (199, '79JFTHTHNH', 1, 0, 1797125684679266305, '2024-06-02 12:39:31', '2024-06-30 23:59:59', '2024-06-02 12:39:31');
INSERT INTO `exchange_code` VALUES (200, '4SMWGCWBMH', 1, 0, 1797125684679266305, '2024-06-02 12:39:31', '2024-06-30 23:59:59', '2024-06-02 12:39:31');
INSERT INTO `exchange_code` VALUES (201, 'Q7MWGCWC2H', 1, 0, 1797125684679266305, '2024-06-02 12:39:31', '2024-06-30 23:59:59', '2024-06-02 12:39:31');
INSERT INTO `exchange_code` VALUES (202, 'URNSFBMLJH', 1, 0, 1797125684679266305, '2024-06-02 12:39:31', '2024-06-30 23:59:59', '2024-06-02 12:39:31');
INSERT INTO `exchange_code` VALUES (203, 'NBGCLK5WC8', 1, 0, 1797125684679266305, '2024-06-02 12:39:31', '2024-06-30 23:59:59', '2024-06-02 12:39:31');
INSERT INTO `exchange_code` VALUES (204, '4YXWAZG488', 1, 0, 1797125684679266305, '2024-06-02 12:39:31', '2024-06-30 23:59:59', '2024-06-02 12:39:31');
INSERT INTO `exchange_code` VALUES (205, '55NSFBMYZ8', 1, 0, 1797125684679266305, '2024-06-02 12:39:31', '2024-06-30 23:59:59', '2024-06-02 12:39:31');
INSERT INTO `exchange_code` VALUES (206, 'H3MWGCWG58', 1, 0, 1797125684679266305, '2024-06-02 12:39:31', '2024-06-30 23:59:59', '2024-06-02 12:39:31');
INSERT INTO `exchange_code` VALUES (207, 'V3JFTHTUU8', 1, 0, 1797125684679266305, '2024-06-02 12:39:31', '2024-06-30 23:59:59', '2024-06-02 12:39:31');
INSERT INTO `exchange_code` VALUES (208, '35NSFBMY57', 1, 0, 1797125684679266305, '2024-06-02 12:39:31', '2024-06-30 23:59:59', '2024-06-02 12:39:31');
INSERT INTO `exchange_code` VALUES (209, 'E3MWGCWGU7', 1, 0, 1797125684679266305, '2024-06-02 12:39:31', '2024-06-30 23:59:59', '2024-06-02 12:39:31');
INSERT INTO `exchange_code` VALUES (210, 'K3JFTHTUE7', 1, 0, 1797125684679266305, '2024-06-02 12:39:31', '2024-06-30 23:59:59', '2024-06-02 12:39:31');

-- ----------------------------
-- Table structure for user_coupon
-- ----------------------------
DROP TABLE IF EXISTS `user_coupon`;
CREATE TABLE `user_coupon`  (
  `id` bigint NOT NULL AUTO_INCREMENT COMMENT '用户券id',
  `user_id` bigint NOT NULL COMMENT '优惠券的拥有者',
  `coupon_id` bigint NOT NULL COMMENT '优惠券模板id',
  `term_begin_time` datetime(0) NULL DEFAULT NULL COMMENT '优惠券有效期开始时间',
  `term_end_time` datetime(0) NOT NULL COMMENT '优惠券有效期结束时间',
  `used_time` datetime(0) NULL DEFAULT NULL COMMENT '优惠券使用时间（核销时间）',
  `status` tinyint NOT NULL DEFAULT 1 COMMENT '优惠券状态，1：未使用，2：已使用，3：已失效',
  `create_time` datetime(0) NOT NULL DEFAULT CURRENT_TIMESTAMP(0) COMMENT '创建时间',
  `update_time` datetime(0) NOT NULL DEFAULT CURRENT_TIMESTAMP(0) ON UPDATE CURRENT_TIMESTAMP(0) COMMENT '更新时间',
  PRIMARY KEY (`id`) USING BTREE
) ENGINE = InnoDB AUTO_INCREMENT = 1796905203233574914 CHARACTER SET = utf8mb4 COLLATE = utf8mb4_general_ci COMMENT = '用户领取优惠券的记录，是真正使用的优惠券信息' ROW_FORMAT = Dynamic;

-- ----------------------------
-- Records of user_coupon
-- ----------------------------
INSERT INTO `user_coupon` VALUES (1792222108181336065, 1792188141227216896, 1791091324942827522, '2024-05-19 23:53:43', '2024-08-17 23:53:43', '2024-05-20 16:36:08', 2, '2024-05-19 23:53:43', '2024-05-27 18:17:16');
INSERT INTO `user_coupon` VALUES (1792417300385755137, 1792188141227216896, 1791094402203009025, '2024-05-17 21:12:37', '2024-06-01 23:59:59', NULL, 2, '2024-05-20 12:49:21', '2024-05-27 18:00:03');
INSERT INTO `user_coupon` VALUES (1796787316724453377, 8513973549856, 1796787015174967297, '2024-06-01 14:14:14', '2024-06-21 14:14:14', NULL, 2, '2024-06-01 14:14:13', '2024-06-01 15:50:14');
INSERT INTO `user_coupon` VALUES (1796904901344350209, 8513973549856, 1796786410134032386, '2024-06-01 22:01:28', '2024-06-21 22:01:28', NULL, 2, '2024-06-01 22:01:28', '2024-06-02 09:25:52');
INSERT INTO `user_coupon` VALUES (1796904901491150849, 8513973549856, 1796786410134032386, '2024-06-01 22:01:28', '2024-06-21 22:01:28', NULL, 2, '2024-06-01 22:01:28', '2024-06-02 09:25:52');
INSERT INTO `user_coupon` VALUES (1796905163358326786, 8513973549856, 1796786410134032386, '2024-06-01 22:02:30', '2024-06-21 22:02:30', NULL, 2, '2024-06-01 22:02:30', '2024-06-02 09:25:52');
INSERT INTO `user_coupon` VALUES (1796905183394516993, 8513973549856, 1796786410134032386, '2024-06-01 22:02:35', '2024-06-21 22:02:35', NULL, 2, '2024-06-01 22:02:35', '2024-06-02 09:25:52');
INSERT INTO `user_coupon` VALUES (1796905186066288642, 8513973549856, 1796786410134032386, '2024-06-01 22:02:36', '2024-06-21 22:02:36', NULL, 2, '2024-06-01 22:02:35', '2024-06-02 09:25:52');
INSERT INTO `user_coupon` VALUES (1796905203233574913, 8513973549856, 1796786410134032386, '2024-06-01 22:02:40', '2024-06-21 22:02:40', NULL, 2, '2024-06-01 22:02:39', '2024-06-02 09:25:52');
INSERT INTO `user_coupon` VALUES (1796909925898244097, 8513973549856, 1796786410134032386, '2024-06-01 22:21:26', '2024-06-21 22:21:26', NULL, 2, '2024-06-01 22:21:25', '2024-06-02 09:25:52');
INSERT INTO `user_coupon` VALUES (1796917521602433026, 8513973549856, 1796786410134032386, '2024-06-01 22:51:37', '2024-06-21 22:51:37', NULL, 2, '2024-06-01 22:51:36', '2024-06-02 09:25:52');
INSERT INTO `user_coupon` VALUES (1796918421142228993, 8513973549856, 1796787015174967297, '2024-06-01 22:55:11', '2024-06-21 22:55:11', NULL, 2, '2024-06-01 22:55:11', '2024-06-02 10:01:14');
INSERT INTO `user_coupon` VALUES (1796983013931339778, 8519267896608, 1796786410134032386, '2024-06-02 03:11:51', '2024-06-22 03:11:51', NULL, 2, '2024-06-02 03:11:51', '2024-06-02 03:46:11');
INSERT INTO `user_coupon` VALUES (1797057016721166338, 8571533410592, 1796786410134032386, '2024-06-02 08:05:55', '2024-06-22 08:05:55', NULL, 1, '2024-06-02 08:05:55', '2024-06-02 08:05:55');
INSERT INTO `user_coupon` VALUES (1797117960113475586, 8575465700640, 1797117502317776897, '2024-06-02 12:08:05', '2024-06-17 12:08:05', NULL, 2, '2024-06-02 12:08:05', '2024-06-02 15:25:05');
INSERT INTO `user_coupon` VALUES (1797118094096322562, 8575039437600, 1797117502317776897, '2024-06-02 12:08:37', '2024-06-17 12:08:37', NULL, 1, '2024-06-02 12:08:37', '2024-06-02 12:08:37');
INSERT INTO `user_coupon` VALUES (1797127948915560449, 8513973549856, 1797117502317776897, '2024-06-02 12:47:47', '2024-06-17 12:47:47', NULL, 2, '2024-06-02 12:47:46', '2024-06-02 12:48:41');
INSERT INTO `user_coupon` VALUES (1797128027936247810, 8513973549856, 1797125684679266305, '2024-06-02 12:48:06', '2024-06-22 12:48:06', NULL, 2, '2024-06-02 12:48:05', '2024-06-02 14:20:06');
INSERT INTO `user_coupon` VALUES (1797139659525574658, 8513973549856, 1797139423352705026, '2024-06-02 13:34:19', '2024-06-12 13:34:19', NULL, 2, '2024-06-02 13:34:18', '2024-06-02 14:20:06');
INSERT INTO `user_coupon` VALUES (1797167479677112321, 8575465700640, 1797167380876087297, '2024-06-02 15:24:52', '2024-06-08 15:24:52', NULL, 2, '2024-06-02 15:24:51', '2024-06-02 15:25:05');
INSERT INTO `user_coupon` VALUES (1797183139949957122, 8575465700640, 1797125684679266305, '2024-06-02 16:27:05', '2024-06-22 16:27:05', NULL, 1, '2024-06-02 16:27:05', '2024-06-02 16:27:05');

SET FOREIGN_KEY_CHECKS = 1;
