/*
 Navicat MySQL Data Transfer

 Source Server         : xc
 Source Server Type    : MySQL
 Source Server Version : 80023
 Source Host           : 47.108.192.109:3306
 Source Schema         : xc_trade

 Target Server Type    : MySQL
 Target Server Version : 80023
 File Encoding         : 65001

 Date: 02/06/2024 16:59:37
*/

SET NAMES utf8mb4;
SET FOREIGN_KEY_CHECKS = 0;

-- ----------------------------
-- Table structure for address
-- ----------------------------
DROP TABLE IF EXISTS `address`;
CREATE TABLE `address`  (
  `id` bigint NOT NULL,
  `user_id` bigint NOT NULL,
  `receiver_name` varchar(255) CHARACTER SET utf8mb4 COLLATE utf8mb4_general_ci NOT NULL COMMENT '收货人',
  `phone` varchar(255) CHARACTER SET utf8mb4 COLLATE utf8mb4_general_ci NOT NULL COMMENT '电话',
  `province` varchar(255) CHARACTER SET utf8mb4 COLLATE utf8mb4_general_ci NOT NULL COMMENT '省',
  `city` varchar(255) CHARACTER SET utf8mb4 COLLATE utf8mb4_general_ci NOT NULL COMMENT '市',
  `district` varchar(255) CHARACTER SET utf8mb4 COLLATE utf8mb4_general_ci NOT NULL COMMENT '区',
  `details` varchar(255) CHARACTER SET utf8mb4 COLLATE utf8mb4_general_ci NOT NULL COMMENT '详细地址',
  `update_time` datetime(0) NOT NULL DEFAULT CURRENT_TIMESTAMP(0),
  `create_time` datetime(0) NOT NULL DEFAULT CURRENT_TIMESTAMP(0),
  `updater` bigint NOT NULL,
  `creater` bigint NOT NULL,
  PRIMARY KEY (`id`) USING BTREE,
  UNIQUE INDEX `唯一（2`(`receiver_name`, `phone`, `details`, `user_id`) USING BTREE
) ENGINE = InnoDB CHARACTER SET = utf8mb4 COLLATE = utf8mb4_general_ci ROW_FORMAT = Dynamic;

-- ----------------------------
-- Records of address
-- ----------------------------
INSERT INTO `address` VALUES (1793837312805416961, 1792188141227216896, '设思参传在', '18620957784', '四川省', '成都市', '双流区', '西航港成都信息工程大学', '2024-05-24 10:51:58', '2024-05-24 10:51:58', 1792188141227216896, 1792188141227216896);
INSERT INTO `address` VALUES (1796353924951752706, 8513973549856, '小张', '15112341234', '河南省', '郑州市', '管城回族区', '详细22号', '2024-05-31 09:32:05', '2024-05-31 09:32:05', 8513973549856, 8513973549856);
INSERT INTO `address` VALUES (1796366248991309825, 8513973549856, '小李', '13112121313', '内蒙古自治区', '呼和浩特市', '土默特左旗', '详细地址333号', '2024-05-31 10:21:03', '2024-05-31 10:21:03', 8513973549856, 8513973549856);
INSERT INTO `address` VALUES (1796366770355879937, 8513973549856, '小王', '13112311112', '江西省', '南昌市', '红谷滩区', '详细1111', '2024-05-31 10:23:07', '2024-05-31 10:23:07', 8513973549856, 8513973549856);
INSERT INTO `address` VALUES (1796367862040936449, 8513973549856, '收件人w', '13112341234', '贵州省', '贵阳市', '花溪区', '一栋二单元', '2024-05-31 10:27:27', '2024-05-31 10:27:27', 8513973549856, 8513973549856);
INSERT INTO `address` VALUES (1796906890154786817, 8562500698144, 'pp', '13683473182', '安徽省', '合肥市', '瑶海区', '成都信息工程大学', '2024-06-01 22:09:22', '2024-06-01 22:09:22', 8562500698144, 8562500698144);
INSERT INTO `address` VALUES (1796911413694873601, 8513973549856, 'koi', '13546789646', '广东省', '广州市', '荔湾区', '斑竹园镇斑大路245号', '2024-06-01 22:27:20', '2024-06-01 22:27:20', 8513973549856, 8513973549856);
INSERT INTO `address` VALUES (1796911573141340162, 8562696882976, 'cxy', '13881534821', '北京市', '市辖区', '东城区', '成都信息工程大学', '2024-06-01 22:27:58', '2024-06-01 22:27:58', 8562696882976, 8562696882976);
INSERT INTO `address` VALUES (1796974880015564801, 8519267896608, '11', '13112345123', '辽宁省', '本溪市', '本溪满族自治县', '12313', '2024-06-02 02:39:32', '2024-06-02 02:39:32', 8519267896608, 8519267896608);
INSERT INTO `address` VALUES (1797056719317155841, 8571533410592, 'eur', '18678544634', '内蒙古自治区', '呼和浩特市', '回民区', '成都信息工程大学', '2024-06-02 08:04:44', '2024-06-02 08:04:44', 8571533410592, 8571533410592);
INSERT INTO `address` VALUES (1797066483585564674, 8572290023456, 'fef', '18654566845', '天津市', '市辖区', '河西区', '成都信息工程大学', '2024-06-02 08:43:32', '2024-06-02 08:43:32', 8572290023456, 8572290023456);
INSERT INTO `address` VALUES (1797067744850526209, 8572349178912, 'hf', '18684766745', '新疆维吾尔自治区', '乌鲁木齐市', '天山区', '成都信息工程大学', '2024-06-02 08:48:32', '2024-06-02 08:48:32', 8572349178912, 8572349178912);
INSERT INTO `address` VALUES (1797095201792114690, 1790735837504487424, 'Kato-Megumi', '13541613109', '四川省', '内江市', '东兴区', '栖霞路396号绿岛银座', '2024-06-02 10:37:39', '2024-06-02 10:37:39', 1790735837504487424, 1790735837504487424);
INSERT INTO `address` VALUES (1797111354316865538, 8575039437600, 'con1', '18684655634', '天津市', '市辖区', '河西区', '成都信息工程大学', '2024-06-02 11:41:50', '2024-06-02 11:41:50', 8575039437600, 8575039437600);
INSERT INTO `address` VALUES (1797112755872907266, 8575039437600, '2', '18685866845', '天津市', '市辖区', '南开区', 'dccffc', '2024-06-02 11:47:24', '2024-06-02 11:47:24', 8575039437600, 8575039437600);
INSERT INTO `address` VALUES (1797118053794758658, 8575375339296, 'jj', '18625863888', '北京市', '市辖区', '西城区', '钓鱼台', '2024-06-02 12:08:27', '2024-06-02 12:08:27', 8575375339296, 8575375339296);
INSERT INTO `address` VALUES (1797131339579834369, 8575465700640, 'Yoe', '18625863888', '四川省', '成都市', '双流区', '西航港街道成都信息工程大学', '2024-06-02 13:01:15', '2024-06-02 13:01:15', 8575465700640, 8575465700640);
INSERT INTO `address` VALUES (1797144659703676929, 8575375339296, 'jj', '17817563829', '四川省', '成都市', '双流区', '双流区西航港学府路一段成都信息工程大学', '2024-06-02 13:54:10', '2024-06-02 13:54:10', 8575375339296, 8575375339296);

-- ----------------------------
-- Table structure for order_details
-- ----------------------------
DROP TABLE IF EXISTS `order_details`;
CREATE TABLE `order_details`  (
  `id` bigint NOT NULL,
  `order_id` bigint NOT NULL COMMENT '订单id',
  `spu_name` varchar(255) CHARACTER SET utf8mb4 COLLATE utf8mb4_general_ci NOT NULL COMMENT 'spu名字',
  `spu_id` bigint NOT NULL COMMENT 'spuId',
  `sku_id` bigint NOT NULL COMMENT '详细sku id',
  `attributes` varchar(255) CHARACTER SET utf8mb4 COLLATE utf8mb4_general_ci NOT NULL COMMENT 'json,sku(属性)',
  `image` varchar(255) CHARACTER SET utf8mb4 COLLATE utf8mb4_general_ci NOT NULL COMMENT 'sku图片',
  `quantity` int NOT NULL COMMENT '数量',
  `price` int NOT NULL COMMENT '金额',
  `final_price` int NOT NULL COMMENT '优惠后金额',
  `refund_status` tinyint NULL DEFAULT NULL COMMENT '不为空则退款，退款申请中0，退款申请成功1，已退款2',
  `canceled` tinyint NOT NULL DEFAULT 0 COMMENT '是否取消',
  `deleted` tinyint NOT NULL DEFAULT 0 COMMENT '删除',
  `update_time` datetime(0) NOT NULL DEFAULT CURRENT_TIMESTAMP(0),
  `create_time` datetime(0) NOT NULL DEFAULT CURRENT_TIMESTAMP(0),
  `updater` bigint NOT NULL,
  `creater` bigint NOT NULL,
  PRIMARY KEY (`id`) USING BTREE
) ENGINE = InnoDB CHARACTER SET = utf8mb4 COLLATE = utf8mb4_general_ci ROW_FORMAT = Dynamic;

-- ----------------------------
-- Records of order_details
-- ----------------------------
INSERT INTO `order_details` VALUES (1795101546755338241, 1795101546621120513, 'iPhone 100', 1791424119483080706, 1793934641583529986, '{\"key1\":\"value2\"}', 'http://47.108.192.109:9000/files/ebdc54b078d1400cbb7a38967d96ff84.jpg', 7, 19085, 19085, NULL, 0, 1, '2024-05-27 22:35:34', '2024-05-27 22:35:34', 1792188141227216896, 1792188141227216896);
INSERT INTO `order_details` VALUES (1795435737959313410, 1795435737573437442, 'iPhone 100', 1791424119483080706, 1793934641583529986, '{\"key1\":\"value2\"}', 'http://47.108.192.109:9000/files/ebdc54b078d1400cbb7a38967d96ff84.jpg', 7, 19085, 19085, 3, 0, 0, '2024-05-28 20:43:32', '2024-05-28 20:43:32', 1792188141227216896, 1792188141227216896);
INSERT INTO `order_details` VALUES (1796500652050894849, 1796500651602104322, 'iPhone 100', 1791424119483080706, 1796146569819181057, '{\"color\":\"purple\",\"size\":\"32\"}', 'http://47.108.192.109:9000/files/ebdc54b078d1400cbb7a38967d96ff84.jpg', 7, 19015, 19015, NULL, 0, 0, '2024-05-31 19:15:08', '2024-05-31 19:15:08', 1792188141227216896, 1792188141227216896);
INSERT INTO `order_details` VALUES (1796510534818906114, 1796510534772768769, 'iPhone 100', 1791424119483080706, 1796146569819181057, '{\"color\":\"purple\",\"size\":\"32\"}', 'http://47.108.192.109:9000/files/ebdc54b078d1400cbb7a38967d96ff84.jpg', 7, 19015, 19015, NULL, 0, 0, '2024-05-31 19:54:23', '2024-05-31 19:54:23', 1792188141227216896, 1792188141227216896);
INSERT INTO `order_details` VALUES (1796525029410783233, 1796525029377228801, 'iPhone 100', 1791424119483080706, 1796146569827569666, '{\"color\":\"green\",\"size\":\"32\"}', 'http://47.108.192.109:9000/files/ebdc54b078d1400cbb7a38967d96ff84.jpg', 3, 19099, 19099, NULL, 0, 0, '2024-05-31 20:51:59', '2024-05-31 20:51:59', 1792188141227216896, 1792188141227216896);
INSERT INTO `order_details` VALUES (1796527061148418049, 1796527060733181954, 'iPhone 100', 1791424119483080706, 1796146569827569666, '{\"color\":\"green\",\"size\":\"32\"}', 'http://47.108.192.109:9000/files/ebdc54b078d1400cbb7a38967d96ff84.jpg', 3, 19099, 19099, NULL, 1, 0, '2024-05-31 21:00:03', '2024-05-31 21:00:03', 1792188141227216896, 1792188141227216896);
INSERT INTO `order_details` VALUES (1796580461449887745, 1796580461428916226, 'iPhone 100', 1791424119483080706, 1796146569819181057, '{\"color\":\"purple\",\"size\":\"32\"}', 'http://47.108.192.109:9000/files/ebdc54b078d1400cbb7a38967d96ff84.jpg', 3, 19015, 19015, NULL, 0, 0, '2024-06-01 00:32:15', '2024-06-01 00:32:15', 1792188141227216896, 1792188141227216896);
INSERT INTO `order_details` VALUES (1796584204585189377, 1796584204161564673, 'iPhone 100', 1791424119483080706, 1796146569819181057, '{\"color\":\"purple\",\"size\":\"32\"}', 'http://47.108.192.109:9000/files/ebdc54b078d1400cbb7a38967d96ff84.jpg', 3, 19015, 19015, NULL, 0, 0, '2024-06-01 00:47:07', '2024-06-01 00:47:07', 1792188141227216896, 1792188141227216896);
INSERT INTO `order_details` VALUES (1796585584033054722, 1796585583731064834, 'iPhone 100', 1791424119483080706, 1796146569819181057, '{\"color\":\"purple\",\"size\":\"32\"}', 'http://47.108.192.109:9000/files/ebdc54b078d1400cbb7a38967d96ff84.jpg', 3, 19015, 19015, NULL, 0, 1, '2024-06-01 00:52:36', '2024-06-01 00:52:36', 1792188141227216896, 1792188141227216896);
INSERT INTO `order_details` VALUES (1796587883837046785, 1796587883589582850, 'iPhone 100', 1791424119483080706, 1796146569819181057, '{\"color\":\"purple\",\"size\":\"32\"}', 'http://47.108.192.109:9000/files/ebdc54b078d1400cbb7a38967d96ff84.jpg', 3, 19015, 19015, NULL, 1, 0, '2024-06-01 01:01:45', '2024-06-01 01:01:45', 1792188141227216896, 1792188141227216896);
INSERT INTO `order_details` VALUES (1796795982598422530, 1796795980039897089, 'iPhone 100', 1791424119483080706, 1796146569819181057, '{\"color\":\"purple\",\"size\":\"32\"}', 'http://47.108.192.109:9000/files/ebdc54b078d1400cbb7a38967d96ff84.jpg', 1, 19015, 19015, NULL, 1, 0, '2024-06-01 14:48:39', '2024-06-01 14:48:39', 1792188141227216896, 1792188141227216896);
INSERT INTO `order_details` VALUES (1796805480192983041, 1796805479979073538, 'iPhone 100', 1791424119483080706, 1796146569819181057, '{\"color\":\"purple\",\"size\":\"32\"}', 'http://47.108.192.109:9000/files/ebdc54b078d1400cbb7a38967d96ff84.jpg', 1, 19015, 19015, NULL, 1, 0, '2024-06-01 15:26:24', '2024-06-01 15:26:24', 1792188141227216896, 1792188141227216896);
INSERT INTO `order_details` VALUES (1796810996629684225, 1796810996508049409, 'iPhone 100', 1791424119483080706, 1796146569819181057, '{\"color\":\"purple\",\"size\":\"32\"}', 'http://47.108.192.109:9000/files/ebdc54b078d1400cbb7a38967d96ff84.jpg', 1, 19015, 19015, NULL, 1, 0, '2024-06-01 15:48:19', '2024-06-01 15:48:19', 8513973549856, 8513973549856);
INSERT INTO `order_details` VALUES (1796811472318283778, 1796811472226009090, 'iPhone 100', 1791424119483080706, 1796146569819181057, '{\"color\":\"purple\",\"size\":\"32\"}', 'http://47.108.192.109:9000/files/ebdc54b078d1400cbb7a38967d96ff84.jpg', 1, 19015, 16515, NULL, 1, 0, '2024-06-01 15:50:12', '2024-06-01 15:50:12', 8513973549856, 8513973549856);
INSERT INTO `order_details` VALUES (1796830875915173890, 1796830875617378305, 'iPhone 100', 1791424119483080706, 1796146569827569666, '{\"color\":\"green\",\"size\":\"32\"}', 'http://47.108.192.109:9000/files/ebdc54b078d1400cbb7a38967d96ff84.jpg', 1, 19099, 19099, NULL, 1, 0, '2024-06-01 17:07:18', '2024-06-01 17:07:18', 8513973549856, 8513973549856);
INSERT INTO `order_details` VALUES (1796834569696100354, 1796834569675128834, 'BEIER超萌爆改小白鞋女2024春款休闲百搭厚底鞋子女爆款板鞋ins潮', 1796589026782744577, 1796718439700631554, '{\"color\":\"白色\",\"size\":\"36\"}', 'http://47.108.192.109:9000/files/fdc149101c634d13a96039c66ad2a435.png', 2, 124, 124, NULL, 1, 0, '2024-06-01 17:21:59', '2024-06-01 17:21:59', 8513973549856, 8513973549856);
INSERT INTO `order_details` VALUES (1796836733034217473, 1796836732992274433, 'BEIER超萌爆改小白鞋女2024春款休闲百搭厚底鞋子女爆款板鞋ins潮', 1796589026782744577, 1796718439700631554, '{\"color\":\"白色\",\"size\":\"36\"}', 'http://47.108.192.109:9000/files/fdc149101c634d13a96039c66ad2a435.png', 1, 124, 124, NULL, 1, 0, '2024-06-01 17:30:35', '2024-06-01 17:30:35', 8513973549856, 8513973549856);
INSERT INTO `order_details` VALUES (1796840927262720002, 1796840927216582657, 'iPhone 100', 1791424119483080706, 1796146569827569666, '{\"color\":\"green\",\"size\":\"32\"}', 'http://47.108.192.109:9000/files/ebdc54b078d1400cbb7a38967d96ff84.jpg', 1, 19099, 19099, NULL, 1, 0, '2024-06-01 17:47:15', '2024-06-01 17:47:15', 8513973549856, 8513973549856);
INSERT INTO `order_details` VALUES (1796846969530925057, 1796846969497370626, 'iPhone 100', 1791424119483080706, 1796146569819181057, '{\"color\":\"purple\",\"size\":\"32\"}', 'http://47.108.192.109:9000/files/ebdc54b078d1400cbb7a38967d96ff84.jpg', 1, 19015, 19015, NULL, 1, 0, '2024-06-01 18:11:15', '2024-06-01 18:11:15', 8513973549856, 8513973549856);
INSERT INTO `order_details` VALUES (1796847565185007618, 1796847565164036097, 'BEIER超萌爆改小白鞋女2024春款休闲百搭厚底鞋子女爆款板鞋ins潮', 1796589026782744577, 1796618187584835586, '{\"color\":\"少女粉\",\"size\":\"36\"}', 'http://47.108.192.109:9000/files/946dcf0c95774223b0bcd4a3460fab16.png', 1, 129, 129, NULL, 1, 0, '2024-06-01 18:13:38', '2024-06-01 18:13:38', 8513973549856, 8513973549856);
INSERT INTO `order_details` VALUES (1796848368792682498, 1796848368775905281, 'iPhone 100', 1791424119483080706, 1796146569827569666, '{\"color\":\"green\",\"size\":\"32\"}', 'http://47.108.192.109:9000/files/ebdc54b078d1400cbb7a38967d96ff84.jpg', 2, 19099, 19099, NULL, 0, 0, '2024-06-01 18:16:49', '2024-06-01 18:16:49', 8513973549856, 8513973549856);
INSERT INTO `order_details` VALUES (1796863766602760194, 1796863766460153857, 'BEIER超萌爆改小白鞋女2024春款休闲百搭厚底鞋子女爆款板鞋ins潮', 1796589026782744577, 1796618187584835586, '{\"color\":\"少女粉\",\"size\":\"36\"}', 'http://47.108.192.109:9000/files/946dcf0c95774223b0bcd4a3460fab16.png', 1, 129, 129, NULL, 1, 0, '2024-06-01 19:18:00', '2024-06-01 19:18:00', 8513973549856, 8513973549856);
INSERT INTO `order_details` VALUES (1796864371853410305, 1796864371845021698, 'BEIER超萌爆改小白鞋女2024春款休闲百搭厚底鞋子女爆款板鞋ins潮', 1796589026782744577, 1796618187584835586, '{\"color\":\"少女粉\",\"size\":\"36\"}', 'http://47.108.192.109:9000/files/946dcf0c95774223b0bcd4a3460fab16.png', 1, 129, 129, NULL, 1, 0, '2024-06-01 19:20:25', '2024-06-01 19:20:25', 8513973549856, 8513973549856);
INSERT INTO `order_details` VALUES (1796868526462517250, 1796868526441545730, 'BEIER超萌爆改小白鞋女2024春款休闲百搭厚底鞋子女爆款板鞋ins潮', 1796589026782744577, 1796618187584835586, '{\"color\":\"少女粉\",\"size\":\"36\"}', 'http://47.108.192.109:9000/files/946dcf0c95774223b0bcd4a3460fab16.png', 1, 129, 129, NULL, 1, 0, '2024-06-01 19:36:55', '2024-06-01 19:36:55', 8513973549856, 8513973549856);
INSERT INTO `order_details` VALUES (1796869324466601985, 1796869324399493121, 'BEIER超萌爆改小白鞋女2024春款休闲百搭厚底鞋子女爆款板鞋ins潮', 1796589026782744577, 1796618187584835586, '{\"color\":\"少女粉\",\"size\":\"36\"}', 'http://47.108.192.109:9000/files/946dcf0c95774223b0bcd4a3460fab16.png', 1, 129, 129, NULL, 0, 0, '2024-06-01 19:40:05', '2024-06-01 19:40:05', 8513973549856, 8513973549856);
INSERT INTO `order_details` VALUES (1796870391405264897, 1796870391250075649, 'BEIER超萌爆改小白鞋女2024春款休闲百搭厚底鞋子女爆款板鞋ins潮', 1796589026782744577, 1796618187584835586, '{\"color\":\"少女粉\",\"size\":\"36\"}', 'http://47.108.192.109:9000/files/946dcf0c95774223b0bcd4a3460fab16.png', 1, 129, 129, NULL, 0, 0, '2024-06-01 19:44:20', '2024-06-01 19:44:20', 8513973549856, 8513973549856);
INSERT INTO `order_details` VALUES (1796872798054957058, 1796872797924933634, 'BEIER超萌爆改小白鞋女2024春款休闲百搭厚底鞋子女爆款板鞋ins潮', 1796589026782744577, 1796718439700631554, '{\"color\":\"白色\",\"size\":\"36\"}', 'http://47.108.192.109:9000/files/fdc149101c634d13a96039c66ad2a435.png', 1, 124, 124, NULL, 1, 0, '2024-06-01 19:53:53', '2024-06-01 19:53:53', 8513973549856, 8513973549856);
INSERT INTO `order_details` VALUES (1796882369163083777, 1796882369150500866, 'BEIER超萌爆改小白鞋女2024春款休闲百搭厚底鞋子女爆款板鞋ins潮', 1796589026782744577, 1796618187584835586, '{\"color\":\"少女粉\",\"size\":\"36\"}', 'http://47.108.192.109:9000/files/946dcf0c95774223b0bcd4a3460fab16.png', 1, 129, 129, NULL, 1, 0, '2024-06-01 20:31:55', '2024-06-01 20:31:55', 8513973549856, 8513973549856);
INSERT INTO `order_details` VALUES (1796896800299335681, 1796896800181895169, 'BEIER超萌爆改小白鞋女2024春款休闲百搭厚底鞋子女爆款板鞋ins潮', 1796589026782744577, 1796718439700631554, '{\"color\":\"白色\",\"size\":\"36\"}', 'http://47.108.192.109:9000/files/fdc149101c634d13a96039c66ad2a435.png', 1, 124, 124, 1, 0, 0, '2024-06-01 21:29:16', '2024-06-01 21:29:16', 8513973549856, 8513973549856);
INSERT INTO `order_details` VALUES (1796906931368017922, 1796906931313491970, 'NIKE耐克 WINFLO9春季男子低帮轻便透气气垫缓震跑步鞋DD6203-009', 1796886168793518082, 1796887916971036674, '{\"color\":\"白色\",\"size\":\"38\"}', 'http://47.108.192.109:9000/files/ac1d67e1cbe949c9ba6bee5ac7ccdbed.avif', 2, 199, 199, NULL, 0, 0, '2024-06-01 22:09:32', '2024-06-01 22:09:32', 8562500698144, 8562500698144);
INSERT INTO `order_details` VALUES (1796914217545154562, 1796914217406742530, 'NIKE耐克 WINFLO9春季男子低帮轻便透气气垫缓震跑步鞋DD6203-009', 1796886168793518082, 1796888060705640449, '{\"color\":\"白色\",\"size\":\"39\"}', 'http://47.108.192.109:9000/files/ac1d67e1cbe949c9ba6bee5ac7ccdbed.avif', 6, 219, 219, NULL, 0, 0, '2024-06-01 22:38:29', '2024-06-01 22:38:29', 8513973549856, 8513973549856);
INSERT INTO `order_details` VALUES (1796914870631841794, 1796914870564732930, 'Nike耐克男鞋Air Force 1 AF1空军一号纯白女鞋高低帮小白鞋板鞋', 1796901559536193537, 1796910967120990210, '{\"color\":\"白色\",\"size\":\"40\"}', 'http://47.108.192.109:9000/files/5bfe6167464e4c2392a2eea01ff20628.avif', 4, 188, 188, NULL, 1, 1, '2024-06-01 22:41:04', '2024-06-01 22:41:04', 8513973549856, 8513973549856);
INSERT INTO `order_details` VALUES (1796923057854529537, 1796923057804197889, 'Nike耐克男鞋Air Force 1 AF1空军一号纯白女鞋高低帮小白鞋板鞋', 1796901559536193537, 1796910967120990210, '{\"color\":\"白色\",\"size\":\"40\"}', 'http://47.108.192.109:9000/files/5bfe6167464e4c2392a2eea01ff20628.avif', 1, 188, 188, NULL, 0, 0, '2024-06-01 23:13:36', '2024-06-01 23:13:36', 8513973549856, 8513973549856);
INSERT INTO `order_details` VALUES (1796930479432187905, 1796930479369273346, 'BEIER超萌爆改小白鞋女2024春款休闲百搭厚底鞋子女爆款板鞋ins潮', 1796589026782744577, 1796718439700631554, '{\"color\":\"白色\",\"size\":\"36\"}', 'http://47.108.192.109:9000/files/e435d7c1ea44481e96d1b49c8641b3e4.jpg', 14, 124, 124, NULL, 1, 1, '2024-06-01 23:43:06', '2024-06-01 23:43:06', 8513973549856, 8513973549856);
INSERT INTO `order_details` VALUES (1796934906448756738, 1796934906423590914, 'Nike耐克男鞋Air Force 1 AF1空军一号纯白女鞋高低帮小白鞋板鞋', 1796901559536193537, 1796910967120990210, '{\"color\":\"白色\",\"size\":\"40\"}', 'http://47.108.192.109:9000/files/5bfe6167464e4c2392a2eea01ff20628.avif', 1, 188, 188, NULL, 0, 0, '2024-06-02 00:00:41', '2024-06-02 00:00:41', 8513973549856, 8513973549856);
INSERT INTO `order_details` VALUES (1796935726363885569, 1796935726334525442, 'BEIER超萌爆改小白鞋女2024春款休闲百搭厚底鞋子女爆款板鞋ins潮', 1796589026782744577, 1796618187584835586, '{\"color\":\"少女粉\",\"size\":\"36\"}', 'http://47.108.192.109:9000/files/946dcf0c95774223b0bcd4a3460fab16.png', 2, 129, 129, NULL, 1, 1, '2024-06-02 00:03:57', '2024-06-02 00:03:57', 8513973549856, 8513973549856);
INSERT INTO `order_details` VALUES (1796940793544491010, 1796940793485770754, 'Nike耐克男鞋Air Force 1 AF1空军一号纯白女鞋高低帮小白鞋板鞋', 1796901559536193537, 1796910967120990210, '{\"color\":\"白色\",\"size\":\"40\"}', 'http://47.108.192.109:9000/files/5bfe6167464e4c2392a2eea01ff20628.avif', 1, 188, 188, NULL, 0, 0, '2024-06-02 00:24:05', '2024-06-02 00:24:05', 8513973549856, 8513973549856);
INSERT INTO `order_details` VALUES (1796947923802570753, 1796947923685130241, 'BEIER超萌爆改小白鞋女2024春款休闲百搭厚底鞋子女爆款板鞋ins潮', 1796589026782744577, 1796718439700631554, '{\"color\":\"白色\",\"size\":\"36\"}', 'http://47.108.192.109:9000/files/e435d7c1ea44481e96d1b49c8641b3e4.jpg', 1, 124, 124, NULL, 1, 1, '2024-06-02 00:52:25', '2024-06-02 00:52:25', 8513973549856, 8513973549856);
INSERT INTO `order_details` VALUES (1796948989763960834, 1796948989742989313, 'Nike耐克男鞋Air Force 1 AF1空军一号纯白女鞋高低帮小白鞋板鞋', 1796901559536193537, 1796910967120990210, '{\"color\":\"白色\",\"size\":\"40\"}', 'http://47.108.192.109:9000/files/5bfe6167464e4c2392a2eea01ff20628.avif', 1, 188, 188, NULL, 0, 0, '2024-06-02 00:56:39', '2024-06-02 00:56:39', 8513973549856, 8513973549856);
INSERT INTO `order_details` VALUES (1796951333306155010, 1796951333243240450, 'NIKE耐克 WINFLO9春季男子低帮轻便透气气垫缓震跑步鞋DD6203-009', 1796886168793518082, 1796888060705640449, '{\"color\":\"白色\",\"size\":\"39\"}', 'http://47.108.192.109:9000/files/ac1d67e1cbe949c9ba6bee5ac7ccdbed.avif', 1, 219, 219, 3, 0, 0, '2024-06-02 01:05:58', '2024-06-02 01:05:58', 8513973549856, 8513973549856);
INSERT INTO `order_details` VALUES (1796954991531966466, 1796954991498412033, 'BEIER超萌爆改小白鞋女2024春款休闲百搭厚底鞋子女爆款板鞋ins潮', 1796589026782744577, 1796618187584835586, '{\"color\":\"少女粉\",\"size\":\"36\"}', 'http://47.108.192.109:9000/files/946dcf0c95774223b0bcd4a3460fab16.png', 1, 129, 129, NULL, 1, 1, '2024-06-02 01:20:30', '2024-06-02 01:20:30', 8513973549856, 8513973549856);
INSERT INTO `order_details` VALUES (1796954991531966467, 1796954991498412033, 'NIKE耐克 WINFLO9春季男子低帮轻便透气气垫缓震跑步鞋DD6203-009', 1796886168793518082, 1796888060705640449, '{\"color\":\"白色\",\"size\":\"39\"}', 'http://47.108.192.109:9000/files/ac1d67e1cbe949c9ba6bee5ac7ccdbed.avif', 2, 219, 219, NULL, 1, 1, '2024-06-02 01:20:30', '2024-06-02 01:20:30', 8513973549856, 8513973549856);
INSERT INTO `order_details` VALUES (1796954991531966468, 1796954991498412033, 'Nike耐克男鞋Air Force 1 AF1空军一号纯白女鞋高低帮小白鞋板鞋', 1796901559536193537, 1796944053531578370, '{\"color\":\"白色\",\"size\":\"41\"}', 'http://47.108.192.109:9000/files/a4029f0d9a344a87a8dcd6ef88779042.avif', 1, 199, 199, NULL, 1, 1, '2024-06-02 01:20:30', '2024-06-02 01:20:30', 8513973549856, 8513973549856);
INSERT INTO `order_details` VALUES (1796955340779077634, 1796955340766494722, 'BEIER超萌爆改小白鞋女2024春款休闲百搭厚底鞋子女爆款板鞋ins潮', 1796589026782744577, 1796618187584835586, '{\"color\":\"少女粉\",\"size\":\"36\"}', 'http://47.108.192.109:9000/files/946dcf0c95774223b0bcd4a3460fab16.png', 1, 129, 129, NULL, 0, 0, '2024-06-02 01:21:53', '2024-06-02 01:21:53', 8513973549856, 8513973549856);
INSERT INTO `order_details` VALUES (1796955340779077635, 1796955340766494722, 'NIKE耐克 WINFLO9春季男子低帮轻便透气气垫缓震跑步鞋DD6203-009', 1796886168793518082, 1796887916971036674, '{\"color\":\"白色\",\"size\":\"38\"}', 'http://47.108.192.109:9000/files/ac1d67e1cbe949c9ba6bee5ac7ccdbed.avif', 1, 199, 199, NULL, 0, 0, '2024-06-02 01:21:53', '2024-06-02 01:21:53', 8513973549856, 8513973549856);
INSERT INTO `order_details` VALUES (1796955340779077636, 1796955340766494722, 'Nike耐克男鞋Air Force 1 AF1空军一号纯白女鞋高低帮小白鞋板鞋', 1796901559536193537, 1796944053531578370, '{\"color\":\"白色\",\"size\":\"41\"}', 'http://47.108.192.109:9000/files/a4029f0d9a344a87a8dcd6ef88779042.avif', 2, 199, 199, NULL, 0, 0, '2024-06-02 01:21:53', '2024-06-02 01:21:53', 8513973549856, 8513973549856);
INSERT INTO `order_details` VALUES (1796967995761803265, 1796967995321401345, 'BEIER超萌爆改小白鞋女2024春款休闲百搭厚底鞋子女爆款板鞋ins潮', 1796589026782744577, 1796618187584835586, '{\"color\":\"少女粉\",\"size\":\"36\"}', 'http://47.108.192.109:9000/files/946dcf0c95774223b0bcd4a3460fab16.png', 3, 129, 129, NULL, 0, 1, '2024-06-02 02:12:10', '2024-06-02 02:12:10', 8513973549856, 8513973549856);
INSERT INTO `order_details` VALUES (1796967995791163394, 1796967995321401345, 'Nike/耐克 Initiator男老爹鞋复古休闲运动跑步鞋394053 394055', 1796962346384494594, 1796963250819043329, '{\"color\":\"樱桃红\",\"size\":\"40\"}', 'http://47.108.192.109:9000/files/12c13900013a45e28e2e3b857ad7e0c4.avif', 1, 299, 299, NULL, 0, 1, '2024-06-02 02:12:10', '2024-06-02 02:12:10', 8513973549856, 8513973549856);
INSERT INTO `order_details` VALUES (1796972581780242434, 1796972581738299394, 'BEIER超萌爆改小白鞋女2024春款休闲百搭厚底鞋子女爆款板鞋ins潮', 1796589026782744577, 1796618187584835586, '{\"color\":\"少女粉\",\"size\":\"36\"}', 'http://47.108.192.109:9000/files/946dcf0c95774223b0bcd4a3460fab16.png', 1, 129, 129, NULL, 0, 1, '2024-06-02 02:30:24', '2024-06-02 02:30:24', 8513973549856, 8513973549856);
INSERT INTO `order_details` VALUES (1796972581780242435, 1796972581738299394, 'Nike/耐克 Initiator男老爹鞋复古休闲运动跑步鞋394053 394055', 1796962346384494594, 1796963350492483586, '{\"color\":\"樱桃红\",\"size\":\"44\"}', 'http://47.108.192.109:9000/files/12c13900013a45e28e2e3b857ad7e0c4.avif', 1, 399, 399, NULL, 0, 1, '2024-06-02 02:30:24', '2024-06-02 02:30:24', 8513973549856, 8513973549856);
INSERT INTO `order_details` VALUES (1796973704146632705, 1796973704062746626, 'BEIER超萌爆改小白鞋女2024春款休闲百搭厚底鞋子女爆款板鞋ins潮', 1796589026782744577, 1796618187584835586, '{\"color\":\"少女粉\",\"size\":\"36\"}', 'http://47.108.192.109:9000/files/946dcf0c95774223b0bcd4a3460fab16.png', 2, 129, 129, 3, 0, 0, '2024-06-02 02:34:51', '2024-06-02 02:34:51', 8513973549856, 8513973549856);
INSERT INTO `order_details` VALUES (1796974122666868737, 1796974122629120002, 'BEIER超萌爆改小白鞋女2024春款休闲百搭厚底鞋子女爆款板鞋ins潮', 1796589026782744577, 1796618187584835586, '{\"color\":\"少女粉\",\"size\":\"36\"}', 'http://47.108.192.109:9000/files/946dcf0c95774223b0bcd4a3460fab16.png', 2, 129, 129, NULL, 1, 1, '2024-06-02 02:36:31', '2024-06-02 02:36:31', 8513973549856, 8513973549856);
INSERT INTO `order_details` VALUES (1796974612536410114, 1796974612515438594, 'Nike耐克男鞋 Air Max 2017 全掌气垫缓震黑武士运动休闲跑步鞋', 1796966761606680578, 1796967005522235393, '{\"color\":\"黑武士\",\"size\":\"41\"}', 'http://47.108.192.109:9000/files/7b5de5b1fa7b48b898723c2e160dcd7d.avif', 2, 265, 265, NULL, 1, 0, '2024-06-02 02:38:28', '2024-06-02 02:38:28', 8513973549856, 8513973549856);
INSERT INTO `order_details` VALUES (1796974809744195586, 1796974809719029761, 'Nike耐克男鞋 Air Max 2017 全掌气垫缓震黑武士运动休闲跑步鞋', 1796966761606680578, 1796967240470368258, '{\"color\":\"黑白\",\"size\":\"41\"}', 'http://47.108.192.109:9000/files/1610eb4e39a44df0ae257921ed799802.avif', 2, 265, 265, NULL, 1, 0, '2024-06-02 02:39:15', '2024-06-02 02:39:15', 8513973549856, 8513973549856);
INSERT INTO `order_details` VALUES (1796974976262258690, 1796974976237092866, 'BEIER超萌爆改小白鞋女2024春款休闲百搭厚底鞋子女爆款板鞋ins潮', 1796589026782744577, 1796718439700631554, '{\"color\":\"白色\",\"size\":\"36\"}', 'http://47.108.192.109:9000/files/e435d7c1ea44481e96d1b49c8641b3e4.jpg', 1, 124, 124, NULL, 0, 0, '2024-06-02 02:39:55', '2024-06-02 02:39:55', 8519267896608, 8519267896608);
INSERT INTO `order_details` VALUES (1796974976270647298, 1796974976237092866, 'Nike耐克男鞋Air Force 1 AF1空军一号纯白女鞋高低帮小白鞋板鞋', 1796901559536193537, 1796944053531578370, '{\"color\":\"白色\",\"size\":\"41\"}', 'http://47.108.192.109:9000/files/a4029f0d9a344a87a8dcd6ef88779042.avif', 1, 199, 199, NULL, 0, 0, '2024-06-02 02:39:55', '2024-06-02 02:39:55', 8519267896608, 8519267896608);
INSERT INTO `order_details` VALUES (1796975291061551105, 1796975291044773890, 'Nike耐克男鞋 Air Max 2017 全掌气垫缓震黑武士运动休闲跑步鞋', 1796966761606680578, 1796966976380211202, '{\"color\":\"黑武士\",\"size\":\"40\"}', 'http://47.108.192.109:9000/files/7b5de5b1fa7b48b898723c2e160dcd7d.avif', 2, 265, 265, NULL, 1, 0, '2024-06-02 02:41:10', '2024-06-02 02:41:10', 8513973549856, 8513973549856);
INSERT INTO `order_details` VALUES (1796991652160651266, 1796991652143874050, 'Nike/耐克 Initiator男老爹鞋复古休闲运动跑步鞋394053 394055', 1796962346384494594, 1796963107948466177, '{\"color\":\"银蓝\",\"size\":\"44\"}', 'http://47.108.192.109:9000/files/e8a381c0aa204036b691eaa74e9817d8.avif', 1, 299, 299, NULL, 1, 0, '2024-06-02 03:46:11', '2024-06-02 03:46:11', 8519267896608, 8519267896608);
INSERT INTO `order_details` VALUES (1796999977254305793, 1796999977191391234, 'BEIER超萌爆改小白鞋女2024春款休闲百搭厚底鞋子女爆款板鞋ins潮', 1796589026782744577, 1796718439700631554, '{\"color\":\"白色\",\"size\":\"36\"}', 'http://47.108.192.109:9000/files/e435d7c1ea44481e96d1b49c8641b3e4.jpg', 1, 124, 124, NULL, 0, 0, '2024-06-02 04:19:15', '2024-06-02 04:19:15', 8513973549856, 8513973549856);
INSERT INTO `order_details` VALUES (1796999977266888705, 1796999977191391234, 'Nike/耐克 Initiator男老爹鞋复古休闲运动跑步鞋394053 394055', 1796962346384494594, 1796963135278551042, '{\"color\":\"银蓝\",\"size\":\"40\"}', 'http://47.108.192.109:9000/files/e8a381c0aa204036b691eaa74e9817d8.avif', 1, 299, 299, 3, 0, 0, '2024-06-02 04:19:15', '2024-06-02 04:19:15', 8513973549856, 8513973549856);
INSERT INTO `order_details` VALUES (1796999977266888706, 1796999977191391234, '乔丹破影2代防滑篮球鞋男2024夏季透气运动鞋高帮青少年学生球鞋', 1796972080793653250, 1796972380329873410, '{\"color\":\"电光紫\",\"size\":\"40\"}', 'http://47.108.192.109:9000/files/018d8517182f45ae8410dc844dd6c501.avif', 1, 209, 209, NULL, 0, 0, '2024-06-02 04:19:15', '2024-06-02 04:19:15', 8513973549856, 8513973549856);
INSERT INTO `order_details` VALUES (1797051399308099585, 1797051399064829954, 'HLA/海澜之家男鞋夏季结婚新郎鞋牛皮布洛克鞋透气增高商务皮鞋', 1796989355114369026, 1796989844174409730, '{\"color\":\"棕色\",\"size\":\"40\"}', 'http://47.108.192.109:9000/files/854301b86d07469591f68039cf28d0c5.avif', 3, 299, 299, 3, 0, 0, '2024-06-02 07:43:35', '2024-06-02 07:43:35', 8562500698144, 8562500698144);
INSERT INTO `order_details` VALUES (1797056790897147906, 1797056790834233345, 'Nike耐克男鞋Air Force 1 AF1空军一号纯白女鞋高低帮小白鞋板鞋', 1796901559536193537, 1796910967120990210, '{\"color\":\"白色\",\"size\":\"40\"}', 'http://47.108.192.109:9000/files/5bfe6167464e4c2392a2eea01ff20628.avif', 2, 188, 188, NULL, 0, 0, '2024-06-02 08:05:01', '2024-06-02 08:05:01', 8571533410592, 8571533410592);
INSERT INTO `order_details` VALUES (1797056790901342210, 1797056790834233345, '李宁反伍2代䨻科技防滑减震耐磨低帮篮球鞋男草莓熊圣诞节', 1796971365564157954, 1796971544241508354, '{\"color\":\"米白色\",\"size\":\"40\"}', 'http://47.108.192.109:9000/files/6fbb216f97444923bc85dff9721187d9.avif', 1, 276, 276, NULL, 0, 0, '2024-06-02 08:05:01', '2024-06-02 08:05:01', 8571533410592, 8571533410592);
INSERT INTO `order_details` VALUES (1797056790901342211, 1797056790834233345, 'Dickies鞋子男鞋2024新款夏季透气情侣鞋休闲板鞋男款黑色帆布鞋', 1796980975482179586, 1796981132705665026, '{\"color\":\"黑色\",\"size\":\"42\"}', 'http://47.108.192.109:9000/files/5f8c2373adba4b4daa803d43ed74faa5.avif', 1, 229, 229, NULL, 0, 0, '2024-06-02 08:05:01', '2024-06-02 08:05:01', 8571533410592, 8571533410592);
INSERT INTO `order_details` VALUES (1797067795849068545, 1797067795811319810, 'Nike耐克男鞋Air Force 1 AF1空军一号纯白女鞋高低帮小白鞋板鞋', 1796901559536193537, 1796910967120990210, '{\"color\":\"白色\",\"size\":\"40\"}', 'http://47.108.192.109:9000/files/5bfe6167464e4c2392a2eea01ff20628.avif', 1, 188, 188, NULL, 0, 0, '2024-06-02 08:48:45', '2024-06-02 08:48:45', 8572349178912, 8572349178912);
INSERT INTO `order_details` VALUES (1797067795861651458, 1797067795811319810, 'Nike耐克官方REVOLUTION 6 男子跑步鞋夏季环保赤足体验', 1796965137685417985, 1796965273773805569, '{\"color\":\"白色\",\"size\":\"41\"}', 'http://47.108.192.109:9000/files/de4c571141654c919add9e9f2b9344c7.avif', 4, 399, 399, 3, 0, 0, '2024-06-02 08:48:45', '2024-06-02 08:48:45', 8572349178912, 8572349178912);
INSERT INTO `order_details` VALUES (1797077137352605698, 1797077137327439874, 'NIKE耐克 WINFLO9春季男子低帮轻便透气气垫缓震跑步鞋DD6203-009', 1796886168793518082, 1796887916971036674, '{\"color\":\"白色\",\"size\":\"38\"}', 'http://47.108.192.109:9000/files/ac1d67e1cbe949c9ba6bee5ac7ccdbed.avif', 2, 199, 199, NULL, 0, 0, '2024-06-02 09:25:52', '2024-06-02 09:25:52', 8513973549856, 8513973549856);
INSERT INTO `order_details` VALUES (1797086037846048769, 1797086037833465858, '1906', 1797084172985044993, 1797084930379878401, '{\"color\":\"白\",\"size\":\"44\"}', 'http://47.108.192.109:9000/files/74525aa73a7c4fe584a61f6d81268d91.png', 4, 99600, 97100, NULL, 0, 0, '2024-06-02 10:01:14', '2024-06-02 10:01:14', 8513973549856, 8513973549856);
INSERT INTO `order_details` VALUES (1797096662513008642, 1797096662492037122, '李宁反伍2代䨻科技防滑减震耐磨低帮篮球鞋男草莓熊圣诞节', 1796971365564157954, 1796971544241508354, '{\"color\":\"米白色\",\"size\":\"40\"}', 'http://47.108.192.109:9000/files/6fbb216f97444923bc85dff9721187d9.avif', 1, 276, 276, 3, 0, 0, '2024-06-02 10:43:27', '2024-06-02 10:43:27', 1790735837504487424, 1790735837504487424);
INSERT INTO `order_details` VALUES (1797096662525591554, 1797096662492037122, 'Dickies鞋子男鞋2024新款夏季透气情侣鞋休闲板鞋男款黑色帆布鞋', 1796980975482179586, 1796981098098462721, '{\"color\":\"黑色\",\"size\":\"40\"}', 'http://47.108.192.109:9000/files/5f8c2373adba4b4daa803d43ed74faa5.avif', 1, 229, 229, NULL, 0, 0, '2024-06-02 10:43:27', '2024-06-02 10:43:27', 1790735837504487424, 1790735837504487424);
INSERT INTO `order_details` VALUES (1797099622001328130, 1797099621980356609, '阿迪达斯三叶草 YEEZY 350 V2暗黑暴龙兽黑色混色椰子跑鞋', 1796986383676477441, 1796987147941580801, '{\"color\":\"暗黑暴龙兽黑色混色\",\"size\":\"40\"}', 'http://47.108.192.109:9000/files/f5dca361fbe6410ab369808a50f51d2e.avif', 1, 3559, 3559, 3, 0, 0, '2024-06-02 10:55:13', '2024-06-02 10:55:13', 1790735837504487424, 1790735837504487424);
INSERT INTO `order_details` VALUES (1797102085978767362, 1797102085961990145, 'New Balance NB官方正品男女休闲百搭复古缓震运动老爹鞋2002r', 1797083911646351361, 1797101967600783362, '{\"color\":\"白\",\"size\":\"36\"}', 'http://47.108.192.109:9000/files/3b9a9f89005045dc92d2306356be4a34.avif', 2, 77950, 77950, NULL, 1, 0, '2024-06-02 11:05:00', '2024-06-02 11:05:00', 8513973549856, 8513973549856);
INSERT INTO `order_details` VALUES (1797102850394865665, 1797102850386477058, 'New Balance NB官方正品男女休闲百搭复古缓震运动老爹鞋2002r', 1797083911646351361, 1797101967600783362, '{\"color\":\"白\",\"size\":\"36\"}', 'http://47.108.192.109:9000/files/3b9a9f89005045dc92d2306356be4a34.avif', 3, 77950, 77950, 1, 0, 0, '2024-06-02 11:08:02', '2024-06-02 11:08:02', 8513973549856, 8513973549856);
INSERT INTO `order_details` VALUES (1797103986925420546, 1797103986879283202, 'NIKE耐克 WINFLO9春季男子低帮轻便透气气垫缓震跑步鞋DD6203-009', 1796886168793518082, 1796888433369550849, '{\"color\":\"白色\",\"size\":\"40\"}', 'http://47.108.192.109:9000/files/d49de3f59b3e45849e42db1600443670.jpg', 1, 249, 249, 1, 0, 0, '2024-06-02 11:12:33', '2024-06-02 11:12:33', 1790735837504487424, 1790735837504487424);
INSERT INTO `order_details` VALUES (1797111402870128641, 1797111402853351426, '海澜之家男鞋真皮牛津鞋夏季商务三接头男士皮鞋正装结婚新郎鞋男', 1796990405888184321, 1796990584066412546, '{\"color\":\"黑色\",\"size\":\"41\"}', 'http://47.108.192.109:9000/files/d63c8f3f8ba340028362dbd49e892314.avif', 8, 39900, 39900, 1, 0, 0, '2024-06-02 11:42:01', '2024-06-02 11:42:01', 8575039437600, 8575039437600);
INSERT INTO `order_details` VALUES (1797111541726756865, 1797111541684813825, 'NIKE耐克 WINFLO9春季男子低帮轻便透气气垫缓震跑步鞋DD6203-009', 1796886168793518082, 1796887916971036674, '{\"color\":\"白色\",\"size\":\"38\"}', 'http://47.108.192.109:9000/files/ac1d67e1cbe949c9ba6bee5ac7ccdbed.avif', 1, 19900, 19900, NULL, 0, 0, '2024-06-02 11:42:34', '2024-06-02 11:42:34', 8575039437600, 8575039437600);
INSERT INTO `order_details` VALUES (1797112840929198081, 1797112840866283521, '回力足球鞋碎钉训练鞋成人青少年男生专用', 1796979242395766786, 1796979842806190081, '{\"color\":\"蓝色碎钉\",\"size\":\"40\"}', 'http://47.108.192.109:9000/files/0117f71485bb43848020c8392576a8f8.avif', 2, 8900, 8900, NULL, 0, 0, '2024-06-02 11:47:44', '2024-06-02 11:47:44', 8575039437600, 8575039437600);
INSERT INTO `order_details` VALUES (1797112840933392386, 1797112840866283521, '阿迪达斯Yeezy Boost 350 V2侃爷椰子蓝棕脏橙天使跑步鞋', 1796984131863711745, 1796985368847847425, '{\"color\":\"黑色\",\"size\":\"40\"}', 'http://47.108.192.109:9000/files/173b4f80c1354ac1afe6d4f8c7cafb32.avif', 1, 146900, 146900, NULL, 0, 0, '2024-06-02 11:47:44', '2024-06-02 11:47:44', 8575039437600, 8575039437600);
INSERT INTO `order_details` VALUES (1797112840937586690, 1797112840866283521, '萨洛蒙（Salomon）男女款 城市户外舒适透气潮流穿搭日常休闲运动鞋', 1796976598293942274, 1797105648656191490, '{\"color\":\"灰色\",\"size\":\"40\"}', 'http://47.108.192.109:9000/files/569201fb38f64b07a6d4c7cc5fe86b7a.jpg', 1, 149900, 149900, NULL, 0, 0, '2024-06-02 11:47:44', '2024-06-02 11:47:44', 8575039437600, 8575039437600);
INSERT INTO `order_details` VALUES (1797118115669131265, 1797118115652354049, 'New Balance NB官方正品男女休闲百搭复古缓震运动老爹鞋2002r', 1797083911646351361, 1797117518515539969, '{\"color\":\"白\",\"size\":\"42\"}', 'http://47.108.192.109:9000/files/3324fee7edce4817b505506cedb0367b.avif', 2, 98800, 98800, 1, 0, 0, '2024-06-02 12:08:42', '2024-06-02 12:08:42', 8575375339296, 8575375339296);
INSERT INTO `order_details` VALUES (1797119009391427585, 1797119009383038978, 'Nike耐克男鞋Air Force 1 AF1空军一号纯白女鞋高低帮小白鞋板鞋', 1796901559536193537, 1796910967120990210, '{\"color\":\"白色\",\"size\":\"36\"}', 'http://47.108.192.109:9000/files/5bfe6167464e4c2392a2eea01ff20628.avif', 1, 18800, 18800, NULL, 0, 0, '2024-06-02 12:12:15', '2024-06-02 12:12:15', 1790735837504487424, 1790735837504487424);
INSERT INTO `order_details` VALUES (1797119009391427586, 1797119009383038978, '森达官方旗舰店网纱透气渔夫鞋厚底女', 1797113195760979970, 1797113367786164226, '{\"color\":\"黑色\",\"size\":\"38\"}', 'http://47.108.192.109:9000/files/81c4ab4e9d7248e0be2b74881edbc697.avif', 1, 13500, 13500, NULL, 0, 0, '2024-06-02 12:12:15', '2024-06-02 12:12:15', 1790735837504487424, 1790735837504487424);
INSERT INTO `order_details` VALUES (1797119145580478465, 1797119145576284162, 'New Balance NB官方正品男女休闲百搭复古缓震运动老爹鞋2002r', 1797083911646351361, 1797117096241401858, '{\"color\":\"灰\",\"size\":\"43\"}', 'http://47.108.192.109:9000/files/7799d19068a1461781dcdd3a29081400.avif', 1, 97800, 97800, NULL, 0, 0, '2024-06-02 12:12:47', '2024-06-02 12:12:47', 8575375339296, 8575375339296);
INSERT INTO `order_details` VALUES (1797119784201011202, 1797119784192622593, 'HLA/海澜之家男鞋夏季结婚新郎鞋牛皮布洛克鞋透气增高商务皮鞋', 1796989355114369026, 1796989560408772609, '{\"color\":\"黑色\",\"size\":\"40\"}', 'http://47.108.192.109:9000/files/5be72cf0d2d242d69a23492b13f27d9e.avif', 2, 29900, 29900, NULL, 1, 0, '2024-06-02 12:15:20', '2024-06-02 12:15:20', 8575375339296, 8575375339296);
INSERT INTO `order_details` VALUES (1797121676255739905, 1797121676247351297, 'New Balance NB官方正品男女休闲百搭复古缓震运动老爹鞋2002r', 1797083911646351361, 1797101967600783362, '{\"color\":\"白\",\"size\":\"36\"}', 'http://47.108.192.109:9000/files/3b9a9f89005045dc92d2306356be4a34.avif', 1, 77950, 77950, NULL, 1, 0, '2024-06-02 12:22:51', '2024-06-02 12:22:51', 8575375339296, 8575375339296);
INSERT INTO `order_details` VALUES (1797121676259934209, 1797121676247351297, 'New Balance NB官方正品男女休闲百搭复古缓震运动老爹鞋2002r', 1797083911646351361, 1797117096241401858, '{\"color\":\"灰\",\"size\":\"43\"}', 'http://47.108.192.109:9000/files/7799d19068a1461781dcdd3a29081400.avif', 1, 97800, 97800, NULL, 1, 0, '2024-06-02 12:22:51', '2024-06-02 12:22:51', 8575375339296, 8575375339296);
INSERT INTO `order_details` VALUES (1797121676259934210, 1797121676247351297, 'New Balance NB官方正品男女休闲百搭复古缓震运动老爹鞋2002r', 1797083911646351361, 1797117518515539969, '{\"color\":\"白\",\"size\":\"42\"}', 'http://47.108.192.109:9000/files/3324fee7edce4817b505506cedb0367b.avif', 1, 98800, 98800, NULL, 1, 0, '2024-06-02 12:22:51', '2024-06-02 12:22:51', 8575375339296, 8575375339296);
INSERT INTO `order_details` VALUES (1797128177670209538, 1797128177657626626, '新款头层牛皮休闲AJ板鞋女810', 1797085062240407553, 1797085782196883457, '{\"color\":\"灰色\",\"size\":\"42\"}', 'http://47.108.192.109:9000/files/776eb713a5ac49109e831ec7c9191ca4.png', 5, 18000, 16200, 1, 0, 0, '2024-06-02 12:48:41', '2024-06-02 12:48:41', 8513973549856, 8513973549856);
INSERT INTO `order_details` VALUES (1797151183574450177, 1797151183431843842, '李宁反伍2代䨻科技防滑减震耐磨低帮篮球鞋男草莓熊圣诞节', 1796971365564157954, 1796971565519212546, '{\"color\":\"米白色\",\"size\":\"41\"}', 'http://47.108.192.109:9000/files/6fbb216f97444923bc85dff9721187d9.avif', 4, 27600, 23275, NULL, 0, 0, '2024-06-02 14:20:06', '2024-06-02 14:20:06', 8513973549856, 8513973549856);
INSERT INTO `order_details` VALUES (1797151183620587521, 1797151183431843842, '新款头层牛皮休闲AJ板鞋女810', 1797085062240407553, 1797085616614150145, '{\"color\":\"黑白\",\"size\":\"43\"}', 'http://47.108.192.109:9000/files/776eb713a5ac49109e831ec7c9191ca4.png', 1, 18000, 17325, NULL, 0, 0, '2024-06-02 14:20:06', '2024-06-02 14:20:06', 8513973549856, 8513973549856);
INSERT INTO `order_details` VALUES (1797151883322769410, 1797151883293409282, 'BEIER超萌爆改小白鞋女2024春款休闲百搭厚底鞋子女爆款板鞋ins潮', 1796589026782744577, 1796718439700631554, '{\"color\":\"白色\",\"size\":\"36\"}', 'http://47.108.192.109:9000/files/e435d7c1ea44481e96d1b49c8641b3e4.jpg', 2, 12400, 12400, NULL, 0, 0, '2024-06-02 14:22:53', '2024-06-02 14:22:53', 8513973549856, 8513973549856);
INSERT INTO `order_details` VALUES (1797173344930414594, 1797173344838139906, 'Nike耐克男鞋 Air Max 2017 全掌气垫缓震黑武士运动休闲跑步鞋', 1796966761606680578, 1796966976380211202, '{\"color\":\"黑武士\",\"size\":\"40\"}', 'http://47.108.192.109:9000/files/7b5de5b1fa7b48b898723c2e160dcd7d.avif', 2, 26500, 26500, 1, 0, 0, '2024-06-02 15:48:09', '2024-06-02 15:48:09', 8513973549856, 8513973549856);
INSERT INTO `order_details` VALUES (1797183760419045377, 1797183760402268162, 'BEIER超萌爆改小白鞋女2024春款休闲百搭厚底鞋子女爆款板鞋ins潮', 1796589026782744577, 1796718439700631554, '{\"color\":\"白色\",\"size\":\"36\"}', 'http://47.108.192.109:9000/files/e435d7c1ea44481e96d1b49c8641b3e4.jpg', 1, 12400, 12400, 1, 0, 0, '2024-06-02 16:29:33', '2024-06-02 16:29:33', 8575465700640, 8575465700640);
INSERT INTO `order_details` VALUES (1797183760419045378, 1797183760402268162, '李宁女鞋2024新款夏季爆款百搭网面厚底鞋透气休闲运动鞋子', 1796591330982367234, 1796960156324466690, '{\"color\":\"灰色\",\"size\":\"36\"}', 'http://47.108.192.109:9000/files/9a2f8cc96e494a998de4f10a3213d1b4.jpg', 1, 18900, 18900, NULL, 0, 0, '2024-06-02 16:29:33', '2024-06-02 16:29:33', 8575465700640, 8575465700640);
INSERT INTO `order_details` VALUES (1797183760419045379, 1797183760402268162, '李宁女鞋2024新款夏季爆款百搭网面厚底鞋透气休闲运动鞋子', 1796591330982367234, 1796960782135595009, '{\"color\":\"灰色\",\"size\":\"37\"}', 'http://47.108.192.109:9000/files/9a2f8cc96e494a998de4f10a3213d1b4.jpg', 1, 18900, 18900, NULL, 0, 0, '2024-06-02 16:29:33', '2024-06-02 16:29:33', 8575465700640, 8575465700640);

-- ----------------------------
-- Table structure for orders
-- ----------------------------
DROP TABLE IF EXISTS `orders`;
CREATE TABLE `orders`  (
  `id` bigint NOT NULL,
  `user_id` bigint NOT NULL,
  `status` tinyint NOT NULL DEFAULT 1 COMMENT '订单有效or交易关闭//申请退款//退款中//已退款//已收货（成功）',
  `delivery_status` tinyint NOT NULL DEFAULT 0 COMMENT '是否发货',
  `payment_id` bigint NULL DEFAULT NULL COMMENT 'null则未支付',
  `raw_price` int NOT NULL COMMENT '原始金额',
  `final_price` int NOT NULL COMMENT '优惠后金额',
  `coupon_id` varchar(255) CHARACTER SET utf8mb4 COLLATE utf8mb4_general_ci NULL DEFAULT NULL COMMENT '优惠券id',
  `address` varchar(512) CHARACTER SET utf8mb4 COLLATE utf8mb4_general_ci NOT NULL COMMENT '地址json',
  `pay_time` datetime(0) NULL DEFAULT NULL COMMENT '支付时间',
  `deleted` tinyint NOT NULL DEFAULT 0 COMMENT '删除',
  `update_time` datetime(0) NOT NULL DEFAULT CURRENT_TIMESTAMP(0),
  `create_time` datetime(0) NOT NULL DEFAULT CURRENT_TIMESTAMP(0),
  `updater` bigint NOT NULL,
  `creater` bigint NOT NULL,
  PRIMARY KEY (`id`) USING BTREE
) ENGINE = InnoDB CHARACTER SET = utf8mb4 COLLATE = utf8mb4_general_ci ROW_FORMAT = Dynamic;

-- ----------------------------
-- Records of orders
-- ----------------------------
INSERT INTO `orders` VALUES (1795101546621120513, 1792188141227216896, 2, 0, 1, 133595, 133595, NULL, '', NULL, 1, '2024-05-27 22:35:34', '2024-05-20 22:35:34', 1792188141227216896, 0);
INSERT INTO `orders` VALUES (1795435737573437442, 1792188141227216896, 1, 0, NULL, 133595, 133595, NULL, '{\"city\":\"成都市\",\"receiverName\":\"设思参传在\",\"updateTime\":1716519118000,\"userId\":1792188141227216896,\"updater\":1792188141227216896,\"province\":\"四川省\",\"phone\":\"18620957784\",\"createTime\":1716519118000,\"district\":\"双流区\",\"creater\":1792188141227216896,\"details\":\"西航港成都信息工程大学\"}', NULL, 0, '2024-05-28 20:43:32', '2024-05-28 20:43:32', 1792188141227216896, 1792188141227216896);
INSERT INTO `orders` VALUES (1796500651602104322, 1792188141227216896, 1, 0, NULL, 38030, 38030, NULL, '{\"city\":\"成都市\",\"receiverName\":\"设思参传在\",\"updateTime\":1716519118000,\"userId\":1792188141227216896,\"updater\":1792188141227216896,\"province\":\"四川省\",\"phone\":\"18620957784\",\"createTime\":1716519118000,\"district\":\"双流区\",\"creater\":1792188141227216896,\"details\":\"西航港成都信息工程大学\"}', NULL, 0, '2024-05-31 19:15:08', '2024-05-31 19:15:08', 1792188141227216896, 1792188141227216896);
INSERT INTO `orders` VALUES (1796510534772768769, 1792188141227216896, 1, 0, NULL, 19015, 19015, NULL, '{\"city\":\"成都市\",\"receiverName\":\"设思参传在\",\"updateTime\":1716519118000,\"userId\":1792188141227216896,\"updater\":1792188141227216896,\"province\":\"四川省\",\"phone\":\"18620957784\",\"createTime\":1716519118000,\"district\":\"双流区\",\"creater\":1792188141227216896,\"details\":\"西航港成都信息工程大学\"}', NULL, 0, '2024-05-31 19:54:23', '2024-05-31 19:54:23', 1792188141227216896, 1792188141227216896);
INSERT INTO `orders` VALUES (1796525029377228801, 1792188141227216896, 1, 0, NULL, 57297, 57297, NULL, '{\"city\":\"成都市\",\"receiverName\":\"设思参传在\",\"updateTime\":1716519118000,\"userId\":1792188141227216896,\"updater\":1792188141227216896,\"province\":\"四川省\",\"phone\":\"18620957784\",\"createTime\":1716519118000,\"district\":\"双流区\",\"creater\":1792188141227216896,\"details\":\"西航港成都信息工程大学\"}', NULL, 0, '2024-05-31 20:51:59', '2024-05-31 20:51:59', 1792188141227216896, 1792188141227216896);
INSERT INTO `orders` VALUES (1796527060733181954, 1792188141227216896, 1, 0, NULL, 57297, 57297, NULL, '{\"city\":\"成都市\",\"receiverName\":\"设思参传在\",\"updateTime\":1716519118000,\"userId\":1792188141227216896,\"updater\":1792188141227216896,\"province\":\"四川省\",\"phone\":\"18620957784\",\"createTime\":1716519118000,\"district\":\"双流区\",\"creater\":1792188141227216896,\"details\":\"西航港成都信息工程大学\"}', NULL, 0, '2024-05-31 21:00:03', '2024-05-31 21:00:03', 1792188141227216896, 1792188141227216896);
INSERT INTO `orders` VALUES (1796578826535354370, 1792188141227216896, 1, 0, NULL, 57297, 57297, NULL, '{\"city\":\"成都市\",\"receiverName\":\"设思参传在\",\"updateTime\":1716519118000,\"userId\":1792188141227216896,\"updater\":1792188141227216896,\"province\":\"四川省\",\"phone\":\"18620957784\",\"createTime\":1716519118000,\"district\":\"双流区\",\"creater\":1792188141227216896,\"details\":\"西航港成都信息工程大学\"}', NULL, 0, '2024-06-01 00:25:45', '2024-05-26 00:25:45', 1792188141227216896, 1792188141227216896);
INSERT INTO `orders` VALUES (1796580461428916226, 1792188141227216896, 1, 0, NULL, 57297, 57297, NULL, '{\"city\":\"成都市\",\"receiverName\":\"设思参传在\",\"updateTime\":1716519118000,\"userId\":1792188141227216896,\"updater\":1792188141227216896,\"province\":\"四川省\",\"phone\":\"18620957784\",\"createTime\":1716519118000,\"district\":\"双流区\",\"creater\":1792188141227216896,\"details\":\"西航港成都信息工程大学\"}', NULL, 0, '2024-06-01 00:32:15', '2024-05-25 00:32:15', 1792188141227216896, 1792188141227216896);
INSERT INTO `orders` VALUES (1796584204161564673, 1792188141227216896, 3, 0, NULL, 57297, 57297, NULL, '{\"city\":\"成都市\",\"receiverName\":\"设思参传在\",\"updateTime\":1716519118000,\"userId\":1792188141227216896,\"updater\":1792188141227216896,\"province\":\"四川省\",\"phone\":\"18620957784\",\"createTime\":1716519118000,\"district\":\"双流区\",\"creater\":1792188141227216896,\"details\":\"西航港成都信息工程大学\"}', NULL, 0, '2024-06-01 00:47:07', '2024-05-24 00:47:07', 1792188141227216896, 1792188141227216896);
INSERT INTO `orders` VALUES (1796585583731064834, 1792188141227216896, 3, 0, NULL, 57297, 57297, NULL, '{\"city\":\"成都市\",\"receiverName\":\"设思参传在\",\"updateTime\":1716519118000,\"userId\":1792188141227216896,\"updater\":1792188141227216896,\"province\":\"四川省\",\"phone\":\"18620957784\",\"createTime\":1716519118000,\"district\":\"双流区\",\"creater\":1792188141227216896,\"details\":\"西航港成都信息工程大学\"}', NULL, 0, '2024-06-01 00:52:36', '2024-05-23 00:52:36', 1792188141227216896, 1792188141227216896);
INSERT INTO `orders` VALUES (1796587883589582850, 1792188141227216896, 3, 0, NULL, 57297, 57297, NULL, '{\"city\":\"成都市\",\"receiverName\":\"设思参传在\",\"updateTime\":1716519118000,\"userId\":1792188141227216896,\"updater\":1792188141227216896,\"province\":\"四川省\",\"phone\":\"18620957784\",\"createTime\":1716519118000,\"district\":\"双流区\",\"creater\":1792188141227216896,\"details\":\"西航港成都信息工程大学\"}', NULL, 0, '2024-06-01 01:01:45', '2024-05-22 01:01:45', 1792188141227216896, 1792188141227216896);
INSERT INTO `orders` VALUES (1796795980039897089, 1792188141227216896, 3, 0, NULL, 19099, 19099, NULL, '{\"city\":\"贵阳市\",\"receiverName\":\"收件人w\",\"updateTime\":1717122447000,\"userId\":8513973549856,\"updater\":8513973549856,\"province\":\"贵州省\",\"phone\":\"13112341234\",\"createTime\":1717122447000,\"district\":\"花溪区\",\"creater\":8513973549856,\"details\":\"一栋二单元\"}', NULL, 0, '2024-06-01 14:48:39', '2024-05-21 14:48:39', 1792188141227216896, 1792188141227216896);
INSERT INTO `orders` VALUES (1796805479979073538, 1792188141227216896, 3, 0, NULL, 19099, 19099, NULL, '{\"city\":\"成都市\",\"receiverName\":\"设思参传在\",\"updateTime\":1716519118000,\"userId\":1792188141227216896,\"updater\":1792188141227216896,\"province\":\"四川省\",\"phone\":\"18620957784\",\"createTime\":1716519118000,\"district\":\"双流区\",\"creater\":1792188141227216896,\"details\":\"西航港成都信息工程大学\"}', NULL, 0, '2024-06-01 15:26:24', '2024-05-27 15:26:24', 1792188141227216896, 1792188141227216896);
INSERT INTO `orders` VALUES (1796810996508049409, 8513973549856, 3, 0, NULL, 19015, 19015, NULL, '{\"city\":\"贵阳市\",\"receiverName\":\"收件人w\",\"updateTime\":1717122447000,\"userId\":8513973549856,\"updater\":8513973549856,\"province\":\"贵州省\",\"phone\":\"13112341234\",\"createTime\":1717122447000,\"district\":\"花溪区\",\"creater\":8513973549856,\"details\":\"一栋二单元\"}', NULL, 0, '2024-06-01 15:48:19', '2024-06-01 15:48:19', 8513973549856, 8513973549856);
INSERT INTO `orders` VALUES (1796811472226009090, 8513973549856, 3, 0, NULL, 19015, 16515, NULL, '{\"city\":\"贵阳市\",\"receiverName\":\"收件人w\",\"updateTime\":1717122447000,\"userId\":8513973549856,\"updater\":8513973549856,\"province\":\"贵州省\",\"phone\":\"13112341234\",\"createTime\":1717122447000,\"district\":\"花溪区\",\"creater\":8513973549856,\"details\":\"一栋二单元\"}', NULL, 0, '2024-06-01 15:50:12', '2024-06-01 15:50:12', 8513973549856, 8513973549856);
INSERT INTO `orders` VALUES (1796830875617378305, 8513973549856, 3, 0, NULL, 19099, 19099, NULL, '{\"city\":\"贵阳市\",\"receiverName\":\"收件人w\",\"updateTime\":1717122447000,\"userId\":8513973549856,\"updater\":8513973549856,\"province\":\"贵州省\",\"phone\":\"13112341234\",\"createTime\":1717122447000,\"district\":\"花溪区\",\"creater\":8513973549856,\"details\":\"一栋二单元\"}', NULL, 0, '2024-06-01 17:07:18', '2024-06-01 17:07:18', 8513973549856, 8513973549856);
INSERT INTO `orders` VALUES (1796834569675128834, 8513973549856, 3, 0, NULL, 248, 248, NULL, '{\"city\":\"贵阳市\",\"receiverName\":\"收件人w\",\"updateTime\":1717122447000,\"userId\":8513973549856,\"updater\":8513973549856,\"province\":\"贵州省\",\"phone\":\"13112341234\",\"createTime\":1717122447000,\"district\":\"花溪区\",\"creater\":8513973549856,\"details\":\"一栋二单元\"}', NULL, 0, '2024-06-01 17:21:59', '2024-06-01 17:21:59', 8513973549856, 8513973549856);
INSERT INTO `orders` VALUES (1796836732992274433, 8513973549856, 3, 0, NULL, 124, 124, NULL, '{\"city\":\"贵阳市\",\"receiverName\":\"收件人w\",\"updateTime\":1717122447000,\"userId\":8513973549856,\"updater\":8513973549856,\"province\":\"贵州省\",\"phone\":\"13112341234\",\"createTime\":1717122447000,\"district\":\"花溪区\",\"creater\":8513973549856,\"details\":\"一栋二单元\"}', NULL, 0, '2024-06-01 17:30:35', '2024-06-01 17:30:35', 8513973549856, 8513973549856);
INSERT INTO `orders` VALUES (1796840927216582657, 8513973549856, 1, 0, 1796851418567589890, 19099, 19099, NULL, '{\"city\":\"贵阳市\",\"receiverName\":\"收件人w\",\"updateTime\":1717122447000,\"userId\":8513973549856,\"updater\":8513973549856,\"province\":\"贵州省\",\"phone\":\"13112341234\",\"createTime\":1717122447000,\"district\":\"花溪区\",\"creater\":8513973549856,\"details\":\"一栋二单元\"}', '2024-06-01 19:12:42', 0, '2024-06-01 17:47:15', '2024-06-01 17:47:15', 8513973549856, 8513973549856);
INSERT INTO `orders` VALUES (1796846969497370626, 8513973549856, 3, 0, NULL, 19015, 19015, NULL, '{\"city\":\"贵阳市\",\"receiverName\":\"收件人w\",\"updateTime\":1717122447000,\"userId\":8513973549856,\"updater\":8513973549856,\"province\":\"贵州省\",\"phone\":\"13112341234\",\"createTime\":1717122447000,\"district\":\"花溪区\",\"creater\":8513973549856,\"details\":\"一栋二单元\"}', NULL, 0, '2024-06-01 18:11:15', '2024-06-01 18:11:15', 8513973549856, 8513973549856);
INSERT INTO `orders` VALUES (1796847565164036097, 8513973549856, 3, 0, NULL, 129, 129, NULL, '{\"city\":\"贵阳市\",\"receiverName\":\"收件人w\",\"updateTime\":1717122447000,\"userId\":8513973549856,\"updater\":8513973549856,\"province\":\"贵州省\",\"phone\":\"13112341234\",\"createTime\":1717122447000,\"district\":\"花溪区\",\"creater\":8513973549856,\"details\":\"一栋二单元\"}', NULL, 0, '2024-06-01 18:13:38', '2024-06-01 18:13:38', 8513973549856, 8513973549856);
INSERT INTO `orders` VALUES (1796848368775905281, 8513973549856, 3, 0, NULL, 38198, 38198, NULL, '{\"city\":\"贵阳市\",\"receiverName\":\"收件人w\",\"updateTime\":1717122447000,\"userId\":8513973549856,\"updater\":8513973549856,\"province\":\"贵州省\",\"phone\":\"13112341234\",\"createTime\":1717122447000,\"district\":\"花溪区\",\"creater\":8513973549856,\"details\":\"一栋二单元\"}', NULL, 0, '2024-06-01 18:16:49', '2024-06-01 18:16:49', 8513973549856, 8513973549856);
INSERT INTO `orders` VALUES (1796863766460153857, 8513973549856, 3, 0, NULL, 129, 129, NULL, '{\"city\":\"贵阳市\",\"receiverName\":\"收件人w\",\"updateTime\":1717122447000,\"userId\":8513973549856,\"updater\":8513973549856,\"province\":\"贵州省\",\"phone\":\"13112341234\",\"createTime\":1717122447000,\"district\":\"花溪区\",\"creater\":8513973549856,\"details\":\"一栋二单元\"}', NULL, 0, '2024-06-01 19:18:00', '2024-06-01 19:18:00', 8513973549856, 8513973549856);
INSERT INTO `orders` VALUES (1796864371845021698, 8513973549856, 3, 0, NULL, 129, 129, NULL, '{\"city\":\"贵阳市\",\"receiverName\":\"收件人w\",\"updateTime\":1717122447000,\"userId\":8513973549856,\"updater\":8513973549856,\"province\":\"贵州省\",\"phone\":\"13112341234\",\"createTime\":1717122447000,\"district\":\"花溪区\",\"creater\":8513973549856,\"details\":\"一栋二单元\"}', NULL, 0, '2024-06-01 19:20:25', '2024-06-01 19:20:25', 8513973549856, 8513973549856);
INSERT INTO `orders` VALUES (1796868526441545730, 8513973549856, 3, 0, NULL, 129, 129, NULL, '{\"city\":\"贵阳市\",\"receiverName\":\"收件人w\",\"updateTime\":1717122447000,\"userId\":8513973549856,\"updater\":8513973549856,\"province\":\"贵州省\",\"phone\":\"13112341234\",\"createTime\":1717122447000,\"district\":\"花溪区\",\"creater\":8513973549856,\"details\":\"一栋二单元\"}', NULL, 0, '2024-06-01 19:36:55', '2024-06-01 19:36:55', 8513973549856, 8513973549856);
INSERT INTO `orders` VALUES (1796869324399493121, 8513973549856, 3, 0, NULL, 129, 129, NULL, '{\"city\":\"贵阳市\",\"receiverName\":\"收件人w\",\"updateTime\":1717122447000,\"userId\":8513973549856,\"updater\":8513973549856,\"province\":\"贵州省\",\"phone\":\"13112341234\",\"createTime\":1717122447000,\"district\":\"花溪区\",\"creater\":8513973549856,\"details\":\"一栋二单元\"}', NULL, 0, '2024-06-01 19:40:05', '2024-06-01 19:40:05', 8513973549856, 8513973549856);
INSERT INTO `orders` VALUES (1796870391250075649, 8513973549856, 1, 0, 1796870398623662081, 129, 129, NULL, '{\"city\":\"贵阳市\",\"receiverName\":\"收件人w\",\"updateTime\":1717122447000,\"userId\":8513973549856,\"updater\":8513973549856,\"province\":\"贵州省\",\"phone\":\"13112341234\",\"createTime\":1717122447000,\"district\":\"花溪区\",\"creater\":8513973549856,\"details\":\"一栋二单元\"}', '2024-06-01 19:48:12', 0, '2024-06-01 19:44:20', '2024-06-01 19:44:20', 8513973549856, 8513973549856);
INSERT INTO `orders` VALUES (1796872797924933634, 8513973549856, 3, 0, NULL, 124, 124, NULL, '{\"city\":\"贵阳市\",\"receiverName\":\"收件人w\",\"updateTime\":1717122447000,\"userId\":8513973549856,\"updater\":8513973549856,\"province\":\"贵州省\",\"phone\":\"13112341234\",\"createTime\":1717122447000,\"district\":\"花溪区\",\"creater\":8513973549856,\"details\":\"一栋二单元\"}', NULL, 0, '2024-06-01 19:53:53', '2024-06-01 19:53:53', 8513973549856, 8513973549856);
INSERT INTO `orders` VALUES (1796882369150500866, 8513973549856, 3, 0, NULL, 129, 129, NULL, '{\"city\":\"贵阳市\",\"receiverName\":\"收件人w\",\"updateTime\":1717122447000,\"userId\":8513973549856,\"updater\":8513973549856,\"province\":\"贵州省\",\"phone\":\"13112341234\",\"createTime\":1717122447000,\"district\":\"花溪区\",\"creater\":8513973549856,\"details\":\"一栋二单元\"}', NULL, 0, '2024-06-01 20:31:55', '2024-06-01 20:31:55', 8513973549856, 8513973549856);
INSERT INTO `orders` VALUES (1796896800181895169, 8513973549856, 5, 0, 1796896809338060801, 124, 124, NULL, '{\"city\":\"贵阳市\",\"receiverName\":\"收件人w\",\"updateTime\":1717122447000,\"userId\":8513973549856,\"updater\":8513973549856,\"province\":\"贵州省\",\"phone\":\"13112341234\",\"createTime\":1717122447000,\"district\":\"花溪区\",\"creater\":8513973549856,\"details\":\"一栋二单元\"}', '2024-06-01 21:29:58', 0, '2024-06-01 21:29:16', '2024-06-01 21:29:16', 8513973549856, 8513973549856);
INSERT INTO `orders` VALUES (1796906931313491970, 8562500698144, 1, 0, 1796906952201125890, 398, 398, NULL, '{\"city\":\"合肥市\",\"receiverName\":\"pp\",\"updateTime\":1717250962000,\"userId\":8562500698144,\"updater\":8562500698144,\"province\":\"安徽省\",\"phone\":\"13683473182\",\"createTime\":1717250962000,\"district\":\"瑶海区\",\"creater\":8562500698144,\"details\":\"成都信息工程大学\"}', '2024-06-01 22:11:19', 0, '2024-06-01 22:09:31', '2024-06-01 22:09:31', 8562500698144, 8562500698144);
INSERT INTO `orders` VALUES (1796914217406742530, 8513973549856, 2, 1, 1796914231742873601, 1314, 1314, NULL, '{\"city\":\"贵阳市\",\"receiverName\":\"收件人w\",\"updateTime\":1717122447000,\"userId\":8513973549856,\"updater\":8513973549856,\"province\":\"贵州省\",\"phone\":\"13112341234\",\"createTime\":1717122447000,\"district\":\"花溪区\",\"creater\":8513973549856,\"details\":\"一栋二单元\"}', '2024-06-01 22:39:11', 1, '2024-06-01 22:38:29', '2024-06-01 22:38:29', 8513973549856, 8513973549856);
INSERT INTO `orders` VALUES (1796914870564732930, 8513973549856, 3, 0, NULL, 752, 752, NULL, '{\"city\":\"贵阳市\",\"receiverName\":\"收件人w\",\"updateTime\":1717122447000,\"userId\":8513973549856,\"updater\":8513973549856,\"province\":\"贵州省\",\"phone\":\"13112341234\",\"createTime\":1717122447000,\"district\":\"花溪区\",\"creater\":8513973549856,\"details\":\"一栋二单元\"}', NULL, 1, '2024-06-01 22:41:04', '2024-06-01 22:41:04', 8513973549856, 8513973549856);
INSERT INTO `orders` VALUES (1796923057804197889, 8513973549856, 2, 1, 1796923064414420993, 188, 188, NULL, '{\"city\":\"成都市\",\"receiverName\":\"koi\",\"updateTime\":1717252040000,\"userId\":8513973549856,\"updater\":8513973549856,\"province\":\"四川省\",\"phone\":\"13546789645\",\"createTime\":1717252040000,\"district\":\"新都区\",\"creater\":8513973549856,\"details\":\"斑竹园镇斑大路245号\"}', '2024-06-01 23:14:11', 1, '2024-06-01 23:13:36', '2024-06-01 23:13:36', 8513973549856, 8513973549856);
INSERT INTO `orders` VALUES (1796930479369273346, 8513973549856, 3, 0, NULL, 1736, 1736, NULL, '{\"city\":\"广州市\",\"receiverName\":\"koi\",\"updateTime\":1717252040000,\"userId\":8513973549856,\"updater\":8513973549856,\"province\":\"广东省\",\"phone\":\"13546789645\",\"createTime\":1717252040000,\"district\":\"荔湾区\",\"creater\":8513973549856,\"details\":\"斑竹园镇斑大路245号\"}', NULL, 1, '2024-06-01 23:43:06', '2024-06-01 23:43:06', 8513973549856, 8513973549856);
INSERT INTO `orders` VALUES (1796934906423590914, 8513973549856, 2, 1, 1796934917706268673, 188, 188, NULL, '{\"city\":\"广州市\",\"receiverName\":\"koi\",\"updateTime\":1717252040000,\"userId\":8513973549856,\"updater\":8513973549856,\"province\":\"广东省\",\"phone\":\"13546789645\",\"createTime\":1717252040000,\"district\":\"荔湾区\",\"creater\":8513973549856,\"details\":\"斑竹园镇斑大路245号\"}', '2024-06-02 00:01:41', 1, '2024-06-02 00:00:41', '2024-06-02 00:00:41', 8513973549856, 8513973549856);
INSERT INTO `orders` VALUES (1796935726334525442, 8513973549856, 3, 0, NULL, 258, 258, NULL, '{\"city\":\"广州市\",\"receiverName\":\"koi\",\"updateTime\":1717252040000,\"userId\":8513973549856,\"updater\":8513973549856,\"province\":\"广东省\",\"phone\":\"13546789645\",\"createTime\":1717252040000,\"district\":\"荔湾区\",\"creater\":8513973549856,\"details\":\"斑竹园镇斑大路245号\"}', NULL, 1, '2024-06-02 00:03:57', '2024-06-02 00:03:57', 8513973549856, 8513973549856);
INSERT INTO `orders` VALUES (1796940793485770754, 8513973549856, 2, 1, 1796940798292443138, 188, 188, NULL, '{\"city\":\"广州市\",\"receiverName\":\"koi\",\"updateTime\":1717252040000,\"userId\":8513973549856,\"updater\":8513973549856,\"province\":\"广东省\",\"phone\":\"13546789645\",\"createTime\":1717252040000,\"district\":\"荔湾区\",\"creater\":8513973549856,\"details\":\"斑竹园镇斑大路245号\"}', '2024-06-02 00:24:46', 1, '2024-06-02 00:24:05', '2024-06-02 00:24:05', 8513973549856, 8513973549856);
INSERT INTO `orders` VALUES (1796947923685130241, 8513973549856, 3, 0, NULL, 124, 124, NULL, '{\"city\":\"贵阳市\",\"receiverName\":\"收件人w\",\"updateTime\":1717122447000,\"userId\":8513973549856,\"updater\":8513973549856,\"province\":\"贵州省\",\"phone\":\"13112341234\",\"createTime\":1717122447000,\"district\":\"花溪区\",\"creater\":8513973549856,\"details\":\"一栋二单元\"}', NULL, 1, '2024-06-02 00:52:25', '2024-06-02 00:52:25', 8513973549856, 8513973549856);
INSERT INTO `orders` VALUES (1796948989742989313, 8513973549856, 2, 1, 1796949011440123905, 188, 188, NULL, '{\"city\":\"广州市\",\"receiverName\":\"koi\",\"updateTime\":1717252040000,\"userId\":8513973549856,\"updater\":8513973549856,\"province\":\"广东省\",\"phone\":\"13546789645\",\"createTime\":1717252040000,\"district\":\"荔湾区\",\"creater\":8513973549856,\"details\":\"斑竹园镇斑大路245号\"}', '2024-06-02 00:57:11', 1, '2024-06-02 00:56:39', '2024-06-02 00:56:39', 8513973549856, 8513973549856);
INSERT INTO `orders` VALUES (1796951333243240450, 8513973549856, 5, 0, 1796951421977935874, 219, 219, NULL, '{\"city\":\"贵阳市\",\"receiverName\":\"收件人w\",\"updateTime\":1717122447000,\"userId\":8513973549856,\"updater\":8513973549856,\"province\":\"贵州省\",\"phone\":\"13112341234\",\"createTime\":1717122447000,\"district\":\"花溪区\",\"creater\":8513973549856,\"details\":\"一栋二单元\"}', '2024-06-02 01:06:50', 0, '2024-06-02 01:05:58', '2024-06-02 01:05:58', 8513973549856, 8513973549856);
INSERT INTO `orders` VALUES (1796954991498412033, 8513973549856, 3, 0, NULL, 766, 766, NULL, '{\"city\":\"广州市\",\"receiverName\":\"koi\",\"updateTime\":1717252040000,\"userId\":8513973549856,\"updater\":8513973549856,\"province\":\"广东省\",\"phone\":\"13546789645\",\"createTime\":1717252040000,\"district\":\"荔湾区\",\"creater\":8513973549856,\"details\":\"斑竹园镇斑大路245号\"}', NULL, 1, '2024-06-02 01:20:30', '2024-06-02 01:20:30', 8513973549856, 8513973549856);
INSERT INTO `orders` VALUES (1796955340766494722, 8513973549856, 2, 1, 1796955377265328129, 726, 726, NULL, '{\"city\":\"广州市\",\"receiverName\":\"koi\",\"updateTime\":1717252040000,\"userId\":8513973549856,\"updater\":8513973549856,\"province\":\"广东省\",\"phone\":\"13546789645\",\"createTime\":1717252040000,\"district\":\"荔湾区\",\"creater\":8513973549856,\"details\":\"斑竹园镇斑大路245号\"}', '2024-06-02 01:22:44', 1, '2024-06-02 01:21:53', '2024-06-02 01:21:53', 8513973549856, 8513973549856);
INSERT INTO `orders` VALUES (1796967995321401345, 8513973549856, 2, 1, 1796968010332815362, 686, 686, NULL, '{\"city\":\"贵阳市\",\"receiverName\":\"收件人w\",\"updateTime\":1717122447000,\"userId\":8513973549856,\"updater\":8513973549856,\"province\":\"贵州省\",\"phone\":\"13112341234\",\"createTime\":1717122447000,\"district\":\"花溪区\",\"creater\":8513973549856,\"details\":\"一栋二单元\"}', '2024-06-02 02:13:22', 1, '2024-06-02 02:12:10', '2024-06-02 02:12:10', 8513973549856, 8513973549856);
INSERT INTO `orders` VALUES (1796972581738299394, 8513973549856, 2, 1, 1796972590089158657, 528, 528, NULL, '{\"city\":\"呼和浩特市\",\"receiverName\":\"小李\",\"updateTime\":1717122063000,\"userId\":8513973549856,\"updater\":8513973549856,\"province\":\"内蒙古自治区\",\"phone\":\"13112121313\",\"createTime\":1717122063000,\"district\":\"土默特左旗\",\"creater\":8513973549856,\"details\":\"详细地址333号\"}', '2024-06-02 02:32:21', 1, '2024-06-02 02:30:24', '2024-06-02 02:30:24', 8513973549856, 8513973549856);
INSERT INTO `orders` VALUES (1796973704062746626, 8513973549856, 5, 0, 1796973710282899457, 258, 258, NULL, '{\"city\":\"广州市\",\"receiverName\":\"koi\",\"updateTime\":1717252040000,\"userId\":8513973549856,\"updater\":8513973549856,\"province\":\"广东省\",\"phone\":\"13546789645\",\"createTime\":1717252040000,\"district\":\"荔湾区\",\"creater\":8513973549856,\"details\":\"斑竹园镇斑大路245号\"}', '2024-06-02 02:35:49', 0, '2024-06-02 02:34:51', '2024-06-02 02:34:51', 8513973549856, 8513973549856);
INSERT INTO `orders` VALUES (1796974122629120002, 8513973549856, 3, 0, NULL, 258, 258, NULL, '{\"city\":\"广州市\",\"receiverName\":\"koi\",\"updateTime\":1717252040000,\"userId\":8513973549856,\"updater\":8513973549856,\"province\":\"广东省\",\"phone\":\"13546789645\",\"createTime\":1717252040000,\"district\":\"荔湾区\",\"creater\":8513973549856,\"details\":\"斑竹园镇斑大路245号\"}', NULL, 1, '2024-06-02 02:36:31', '2024-06-02 02:36:31', 8513973549856, 8513973549856);
INSERT INTO `orders` VALUES (1796974612515438594, 8513973549856, 3, 0, NULL, 530, 530, NULL, '{\"city\":\"广州市\",\"receiverName\":\"koi\",\"updateTime\":1717252040000,\"userId\":8513973549856,\"updater\":8513973549856,\"province\":\"广东省\",\"phone\":\"13546789645\",\"createTime\":1717252040000,\"district\":\"荔湾区\",\"creater\":8513973549856,\"details\":\"斑竹园镇斑大路245号\"}', NULL, 0, '2024-06-02 02:38:28', '2024-06-02 02:38:28', 8513973549856, 8513973549856);
INSERT INTO `orders` VALUES (1796974809719029761, 8513973549856, 3, 0, NULL, 530, 530, NULL, '{\"city\":\"广州市\",\"receiverName\":\"koi\",\"updateTime\":1717252040000,\"userId\":8513973549856,\"updater\":8513973549856,\"province\":\"广东省\",\"phone\":\"13546789645\",\"createTime\":1717252040000,\"district\":\"荔湾区\",\"creater\":8513973549856,\"details\":\"斑竹园镇斑大路245号\"}', NULL, 0, '2024-06-02 02:39:15', '2024-06-02 02:39:15', 8513973549856, 8513973549856);
INSERT INTO `orders` VALUES (1796974976237092866, 8519267896608, 1, 1, 1796974996797571074, 323, 323, NULL, '{\"city\":\"本溪市\",\"receiverName\":\"11\",\"updateTime\":1717267172000,\"userId\":8519267896608,\"updater\":8519267896608,\"province\":\"辽宁省\",\"phone\":\"13112345123\",\"createTime\":1717267172000,\"district\":\"本溪满族自治县\",\"creater\":8519267896608,\"details\":\"12313\"}', '2024-06-02 02:43:01', 0, '2024-06-02 02:39:55', '2024-06-02 02:39:55', 8519267896608, 8519267896608);
INSERT INTO `orders` VALUES (1796975291044773890, 8513973549856, 3, 0, NULL, 530, 530, NULL, '{\"city\":\"广州市\",\"receiverName\":\"koi\",\"updateTime\":1717252040000,\"userId\":8513973549856,\"updater\":8513973549856,\"province\":\"广东省\",\"phone\":\"13546789645\",\"createTime\":1717252040000,\"district\":\"荔湾区\",\"creater\":8513973549856,\"details\":\"斑竹园镇斑大路245号\"}', NULL, 0, '2024-06-02 02:41:10', '2024-06-02 02:41:10', 8513973549856, 8513973549856);
INSERT INTO `orders` VALUES (1796991652143874050, 8519267896608, 3, 0, NULL, 299, 299, NULL, '{\"city\":\"本溪市\",\"receiverName\":\"11\",\"updateTime\":1717267172000,\"userId\":8519267896608,\"updater\":8519267896608,\"province\":\"辽宁省\",\"phone\":\"13112345123\",\"createTime\":1717267172000,\"district\":\"本溪满族自治县\",\"creater\":8519267896608,\"details\":\"12313\"}', NULL, 0, '2024-06-02 03:46:11', '2024-06-02 03:46:11', 8519267896608, 8519267896608);
INSERT INTO `orders` VALUES (1796999977191391234, 8513973549856, 5, 1, 1796999985424809986, 632, 632, NULL, '{\"city\":\"广州市\",\"receiverName\":\"koi\",\"updateTime\":1717252040000,\"userId\":8513973549856,\"updater\":8513973549856,\"province\":\"广东省\",\"phone\":\"13546789645\",\"createTime\":1717252040000,\"district\":\"荔湾区\",\"creater\":8513973549856,\"details\":\"斑竹园镇斑大路245号\"}', '2024-06-02 04:20:04', 0, '2024-06-02 04:19:15', '2024-06-02 04:19:15', 8513973549856, 8513973549856);
INSERT INTO `orders` VALUES (1797051399064829954, 8562500698144, 5, 0, 1797051416907399170, 897, 897, NULL, '{\"city\":\"合肥市\",\"receiverName\":\"pp\",\"updateTime\":1717250962000,\"userId\":8562500698144,\"updater\":8562500698144,\"province\":\"安徽省\",\"phone\":\"13683473182\",\"createTime\":1717250962000,\"district\":\"瑶海区\",\"creater\":8562500698144,\"details\":\"成都信息工程大学\"}', '2024-06-02 07:45:09', 0, '2024-06-02 07:43:35', '2024-06-02 07:43:35', 8562500698144, 8562500698144);
INSERT INTO `orders` VALUES (1797056790834233345, 8571533410592, 1, 1, 1797057055985549314, 881, 881, NULL, '{\"city\":\"呼和浩特市\",\"receiverName\":\"eur\",\"updateTime\":1717286684000,\"userId\":8571533410592,\"updater\":8571533410592,\"province\":\"内蒙古自治区\",\"phone\":\"18678544634\",\"createTime\":1717286684000,\"district\":\"回民区\",\"creater\":8571533410592,\"details\":\"成都信息工程大学\"}', '2024-06-02 08:06:39', 0, '2024-06-02 08:05:01', '2024-06-02 08:05:01', 8571533410592, 8571533410592);
INSERT INTO `orders` VALUES (1797067795811319810, 8572349178912, 5, 0, 1797067824559079425, 1784, 1784, NULL, '{\"city\":\"乌鲁木齐市\",\"receiverName\":\"hf\",\"updateTime\":1717289312000,\"userId\":8572349178912,\"updater\":8572349178912,\"province\":\"新疆维吾尔自治区\",\"phone\":\"18684766745\",\"createTime\":1717289312000,\"district\":\"天山区\",\"creater\":8572349178912,\"details\":\"成都信息工程大学\"}', '2024-06-02 08:53:54', 0, '2024-06-02 08:48:45', '2024-06-02 08:48:45', 8572349178912, 8572349178912);
INSERT INTO `orders` VALUES (1797077137327439874, 8513973549856, 2, 1, 1797077155425861634, 398, 398, NULL, '{\"city\":\"广州市\",\"receiverName\":\"koi\",\"updateTime\":1717252040000,\"userId\":8513973549856,\"updater\":8513973549856,\"province\":\"广东省\",\"phone\":\"13546789645\",\"createTime\":1717252040000,\"district\":\"荔湾区\",\"creater\":8513973549856,\"details\":\"斑竹园镇斑大路245号\"}', '2024-06-02 09:26:27', 0, '2024-06-02 09:25:52', '2024-06-02 09:25:52', 8513973549856, 8513973549856);
INSERT INTO `orders` VALUES (1797086037833465858, 8513973549856, 2, 1, 1797086048998703106, 398400, 395900, NULL, '{\"city\":\"广州市\",\"receiverName\":\"koi\",\"updateTime\":1717252040000,\"userId\":8513973549856,\"updater\":8513973549856,\"province\":\"广东省\",\"phone\":\"13546789645\",\"createTime\":1717252040000,\"district\":\"荔湾区\",\"creater\":8513973549856,\"details\":\"斑竹园镇斑大路245号\"}', '2024-06-02 10:02:28', 0, '2024-06-02 10:01:14', '2024-06-02 10:01:14', 8513973549856, 8513973549856);
INSERT INTO `orders` VALUES (1797096662492037122, 1790735837504487424, 5, 1, 1797096771778822145, 505, 505, NULL, '{\"city\":\"内江市\",\"receiverName\":\"Kato-Megumi\",\"updateTime\":1717295859000,\"userId\":1790735837504487424,\"updater\":1790735837504487424,\"province\":\"四川省\",\"phone\":\"13541613109\",\"createTime\":1717295859000,\"district\":\"东兴区\",\"creater\":1790735837504487424,\"details\":\"栖霞路396号绿岛银座\"}', '2024-06-02 10:45:27', 0, '2024-06-02 10:43:27', '2024-06-02 10:43:27', 1790735837504487424, 1790735837504487424);
INSERT INTO `orders` VALUES (1797099621980356609, 1790735837504487424, 5, 1, 1797099630859698178, 3559, 3559, NULL, '{\"city\":\"内江市\",\"receiverName\":\"Kato-Megumi\",\"updateTime\":1717295859000,\"userId\":1790735837504487424,\"updater\":1790735837504487424,\"province\":\"四川省\",\"phone\":\"13541613109\",\"createTime\":1717295859000,\"district\":\"东兴区\",\"creater\":1790735837504487424,\"details\":\"栖霞路396号绿岛银座\"}', '2024-06-02 10:55:44', 0, '2024-06-02 10:55:13', '2024-06-02 10:55:13', 1790735837504487424, 1790735837504487424);
INSERT INTO `orders` VALUES (1797102085961990145, 8513973549856, 3, 0, NULL, 155900, 155900, NULL, '{\"city\":\"广州市\",\"receiverName\":\"koi\",\"updateTime\":1717252040000,\"userId\":8513973549856,\"updater\":8513973549856,\"province\":\"广东省\",\"phone\":\"13546789645\",\"createTime\":1717252040000,\"district\":\"荔湾区\",\"creater\":8513973549856,\"details\":\"斑竹园镇斑大路245号\"}', NULL, 0, '2024-06-02 11:05:00', '2024-06-02 11:05:00', 8513973549856, 8513973549856);
INSERT INTO `orders` VALUES (1797102850386477058, 8513973549856, 5, 1, 1797102855881015297, 233850, 233850, NULL, '{\"city\":\"广州市\",\"receiverName\":\"koi\",\"updateTime\":1717252040000,\"userId\":8513973549856,\"updater\":8513973549856,\"province\":\"广东省\",\"phone\":\"13546789645\",\"createTime\":1717252040000,\"district\":\"荔湾区\",\"creater\":8513973549856,\"details\":\"斑竹园镇斑大路245号\"}', '2024-06-02 11:08:50', 0, '2024-06-02 11:08:02', '2024-06-02 11:08:02', 8513973549856, 8513973549856);
INSERT INTO `orders` VALUES (1797103986879283202, 1790735837504487424, 5, 1, 1797103995410497537, 249, 249, NULL, '{\"city\":\"内江市\",\"receiverName\":\"Kato-Megumi\",\"updateTime\":1717295859000,\"userId\":1790735837504487424,\"updater\":1790735837504487424,\"province\":\"四川省\",\"phone\":\"13541613109\",\"createTime\":1717295859000,\"district\":\"东兴区\",\"creater\":1790735837504487424,\"details\":\"栖霞路396号绿岛银座\"}', '2024-06-02 11:13:27', 0, '2024-06-02 11:12:33', '2024-06-02 11:12:33', 1790735837504487424, 1790735837504487424);
INSERT INTO `orders` VALUES (1797111402853351426, 8575039437600, 5, 0, 1797111778881093634, 319200, 319200, NULL, '{\"city\":\"市辖区\",\"receiverName\":\"con1\",\"updateTime\":1717299710000,\"userId\":8575039437600,\"updater\":8575039437600,\"province\":\"天津市\",\"phone\":\"18684655634\",\"createTime\":1717299710000,\"district\":\"河西区\",\"creater\":8575039437600,\"details\":\"成都信息工程大学\"}', '2024-06-02 11:43:51', 0, '2024-06-02 11:42:01', '2024-06-02 11:42:01', 8575039437600, 8575039437600);
INSERT INTO `orders` VALUES (1797111541684813825, 8575039437600, 2, 1, 1797111548878045185, 19900, 19900, NULL, '{\"city\":\"市辖区\",\"receiverName\":\"con1\",\"updateTime\":1717299710000,\"userId\":8575039437600,\"updater\":8575039437600,\"province\":\"天津市\",\"phone\":\"18684655634\",\"createTime\":1717299710000,\"district\":\"河西区\",\"creater\":8575039437600,\"details\":\"成都信息工程大学\"}', '2024-06-02 11:43:10', 0, '2024-06-02 11:42:34', '2024-06-02 11:42:34', 8575039437600, 8575039437600);
INSERT INTO `orders` VALUES (1797112840866283521, 8575039437600, 2, 1, 1797112846692171777, 314600, 314600, NULL, '{\"city\":\"市辖区\",\"receiverName\":\"2\",\"updateTime\":1717300044000,\"userId\":8575039437600,\"updater\":8575039437600,\"province\":\"天津市\",\"phone\":\"18685866845\",\"createTime\":1717300044000,\"district\":\"南开区\",\"creater\":8575039437600,\"details\":\"dccffc\"}', '2024-06-02 11:48:13', 0, '2024-06-02 11:47:44', '2024-06-02 11:47:44', 8575039437600, 8575039437600);
INSERT INTO `orders` VALUES (1797118115652354049, 8575375339296, 5, 1, 1797118121000091649, 197600, 197600, NULL, '{\"city\":\"市辖区\",\"receiverName\":\"jj\",\"updateTime\":1717301307000,\"userId\":8575375339296,\"updater\":8575375339296,\"province\":\"北京市\",\"phone\":\"18625863888\",\"createTime\":1717301307000,\"district\":\"西城区\",\"creater\":8575375339296,\"details\":\"钓鱼台\"}', '2024-06-02 12:09:54', 0, '2024-06-02 12:08:42', '2024-06-02 12:08:42', 8575375339296, 8575375339296);
INSERT INTO `orders` VALUES (1797119009383038978, 1790735837504487424, 1, 1, 1797119027712147458, 32300, 32300, NULL, '{\"city\":\"内江市\",\"receiverName\":\"Kato-Megumi\",\"updateTime\":1717295859000,\"userId\":1790735837504487424,\"updater\":1790735837504487424,\"province\":\"四川省\",\"phone\":\"13541613109\",\"createTime\":1717295859000,\"district\":\"东兴区\",\"creater\":1790735837504487424,\"details\":\"栖霞路396号绿岛银座\"}', '2024-06-02 12:12:50', 0, '2024-06-02 12:12:15', '2024-06-02 12:12:15', 1790735837504487424, 1790735837504487424);
INSERT INTO `orders` VALUES (1797119145576284162, 8575375339296, 2, 1, 1797119151582527490, 97800, 97800, NULL, '{\"city\":\"市辖区\",\"receiverName\":\"jj\",\"updateTime\":1717301307000,\"userId\":8575375339296,\"updater\":8575375339296,\"province\":\"北京市\",\"phone\":\"18625863888\",\"createTime\":1717301307000,\"district\":\"西城区\",\"creater\":8575375339296,\"details\":\"钓鱼台\"}', '2024-06-02 12:14:00', 0, '2024-06-02 12:12:47', '2024-06-02 12:12:47', 8575375339296, 8575375339296);
INSERT INTO `orders` VALUES (1797119784192622593, 8575375339296, 3, 0, NULL, 59800, 59800, NULL, '{\"city\":\"市辖区\",\"receiverName\":\"jj\",\"updateTime\":1717301307000,\"userId\":8575375339296,\"updater\":8575375339296,\"province\":\"北京市\",\"phone\":\"18625863888\",\"createTime\":1717301307000,\"district\":\"西城区\",\"creater\":8575375339296,\"details\":\"钓鱼台\"}', NULL, 0, '2024-06-02 12:15:20', '2024-06-02 12:15:20', 8575375339296, 8575375339296);
INSERT INTO `orders` VALUES (1797121676247351297, 8575375339296, 3, 0, NULL, 274550, 274550, NULL, '{\"city\":\"市辖区\",\"receiverName\":\"jj\",\"updateTime\":1717301307000,\"userId\":8575375339296,\"updater\":8575375339296,\"province\":\"北京市\",\"phone\":\"18625863888\",\"createTime\":1717301307000,\"district\":\"西城区\",\"creater\":8575375339296,\"details\":\"钓鱼台\"}', NULL, 0, '2024-06-02 12:22:51', '2024-06-02 12:22:51', 8575375339296, 8575375339296);
INSERT INTO `orders` VALUES (1797128177657626626, 8513973549856, 5, 0, 1797128217084084225, 90000, 88200, NULL, '{\"city\":\"广州市\",\"receiverName\":\"koi\",\"updateTime\":1717252040000,\"userId\":8513973549856,\"updater\":8513973549856,\"province\":\"广东省\",\"phone\":\"13546789646\",\"createTime\":1717252040000,\"district\":\"荔湾区\",\"creater\":8513973549856,\"details\":\"斑竹园镇斑大路245号\"}', '2024-06-02 12:51:58', 0, '2024-06-02 12:48:41', '2024-06-02 12:48:41', 8513973549856, 8513973549856);
INSERT INTO `orders` VALUES (1797151183431843842, 8513973549856, 1, 0, 1797151344543449090, 128400, 123400, NULL, '{\"city\":\"广州市\",\"receiverName\":\"koi\",\"updateTime\":1717252040000,\"userId\":8513973549856,\"updater\":8513973549856,\"province\":\"广东省\",\"phone\":\"13546789646\",\"createTime\":1717252040000,\"district\":\"荔湾区\",\"creater\":8513973549856,\"details\":\"斑竹园镇斑大路245号\"}', '2024-06-02 14:21:07', 0, '2024-06-02 14:20:06', '2024-06-02 14:20:06', 8513973549856, 8513973549856);
INSERT INTO `orders` VALUES (1797151883293409282, 8513973549856, 1, 0, 1797151895637245954, 24800, 24800, NULL, '{\"city\":\"广州市\",\"receiverName\":\"koi\",\"updateTime\":1717252040000,\"userId\":8513973549856,\"updater\":8513973549856,\"province\":\"广东省\",\"phone\":\"13546789646\",\"createTime\":1717252040000,\"district\":\"荔湾区\",\"creater\":8513973549856,\"details\":\"斑竹园镇斑大路245号\"}', '2024-06-02 14:23:18', 0, '2024-06-02 14:22:53', '2024-06-02 14:22:53', 8513973549856, 8513973549856);
INSERT INTO `orders` VALUES (1797173344838139906, 8513973549856, 5, 1, 1797173352652128257, 53000, 53000, NULL, '{\"city\":\"广州市\",\"receiverName\":\"koi\",\"updateTime\":1717252040000,\"userId\":8513973549856,\"updater\":8513973549856,\"province\":\"广东省\",\"phone\":\"13546789646\",\"createTime\":1717252040000,\"district\":\"荔湾区\",\"creater\":8513973549856,\"details\":\"斑竹园镇斑大路245号\"}', '2024-06-02 15:48:34', 0, '2024-06-02 15:48:09', '2024-06-02 15:48:09', 8513973549856, 8513973549856);
INSERT INTO `orders` VALUES (1797183760402268162, 8575465700640, 5, 1, 1797183810742304769, 50200, 50200, NULL, '{\"city\":\"成都市\",\"receiverName\":\"Yoe\",\"updateTime\":1717304475000,\"userId\":8575465700640,\"updater\":8575465700640,\"province\":\"四川省\",\"phone\":\"18625863888\",\"createTime\":1717304475000,\"district\":\"双流区\",\"creater\":8575465700640,\"details\":\"西航港街道成都信息工程大学\"}', '2024-06-02 16:30:24', 0, '2024-06-02 16:29:33', '2024-06-02 16:29:33', 8575465700640, 8575465700640);

-- ----------------------------
-- Table structure for payment
-- ----------------------------
DROP TABLE IF EXISTS `payment`;
CREATE TABLE `payment`  (
  `id` bigint NOT NULL AUTO_INCREMENT,
  `order_id` bigint NOT NULL COMMENT '需要支付的订单id',
  `user_id` bigint NOT NULL DEFAULT 1 COMMENT '用户id',
  `total_amount` double NOT NULL COMMENT '订单总金额',
  `create_time` datetime(0) NULL DEFAULT CURRENT_TIMESTAMP(0),
  `update_time` datetime(0) NULL DEFAULT CURRENT_TIMESTAMP(0) ON UPDATE CURRENT_TIMESTAMP(0),
  `creater` bigint NULL DEFAULT 0,
  `updater` bigint NULL DEFAULT NULL,
  `pay_status` tinyint NULL DEFAULT NULL COMMENT '订单支付状态，null未支付，0已退款，1已支付',
  `content` varchar(255) CHARACTER SET utf8mb4 COLLATE utf8mb4_general_ci NULL DEFAULT NULL COMMENT '支付信息',
  `payment_id` varchar(255) CHARACTER SET utf8mb4 COLLATE utf8mb4_general_ci NULL DEFAULT NULL COMMENT '订单追踪号，支付唯一凭证',
  PRIMARY KEY (`id`) USING BTREE
) ENGINE = InnoDB AUTO_INCREMENT = 1796851418567589891 CHARACTER SET = utf8mb4 COLLATE = utf8mb4_general_ci ROW_FORMAT = Dynamic;

-- ----------------------------
-- Records of payment
-- ----------------------------
INSERT INTO `payment` VALUES (1795436311990517762, 12, 1792188141227216896, 1000, '2024-05-28 20:45:49', '2024-05-28 20:45:49', 1792188141227216896, 1792188141227216896, NULL, NULL, NULL);
INSERT INTO `payment` VALUES (1795436386749792257, 13, 1792188141227216896, 1000, '2024-05-28 20:46:06', '2024-05-28 20:46:06', 1792188141227216896, 1792188141227216896, NULL, NULL, NULL);
INSERT INTO `payment` VALUES (1795437616536489985, 14, 1792188141227216896, 1000, '2024-05-28 20:50:59', '2024-05-28 20:50:59', 1792188141227216896, 1792188141227216896, NULL, NULL, NULL);
INSERT INTO `payment` VALUES (1795438567200731138, 15, 1792188141227216896, 1000, '2024-05-28 20:54:46', '2024-05-28 20:54:46', 1792188141227216896, 1792188141227216896, 1, 'TRADE_SUCCESS', '2024052822001432650502792948');
INSERT INTO `payment` VALUES (1795442778734931969, 16, 1792188141227216896, 1000, '2024-05-28 21:11:30', '2024-05-28 21:11:30', 1792188141227216896, 1792188141227216896, 1, 'TRADE_SUCCESS', '2024052822001432650502797071');
INSERT INTO `payment` VALUES (1795445067776389121, 17, 1792188141227216896, 10000, '2024-05-28 21:20:37', '2024-05-28 21:20:37', 1792188141227216896, 1792188141227216896, 1, 'TRADE_SUCCESS', '2024052822001432650502798244');
INSERT INTO `payment` VALUES (1796845304849416193, 24, 1, 1000, '2024-06-01 18:04:39', '2024-06-01 18:04:39', 0, NULL, 1, 'TRADE_SUCCESS', '2024060122001432650502834478');
INSERT INTO `payment` VALUES (1796851418567589890, 1796840927216582657, 1, 19099, '2024-06-01 18:28:56', '2024-06-01 18:28:56', 0, NULL, 1, 'TRADE_SUCCESS', '2024060122001432650502830822');
INSERT INTO `payment` VALUES (1796870398623662081, 1796870391250075649, 8513973549856, 1.29, '2024-06-01 19:44:21', '2024-06-01 19:44:21', 8513973549856, 8513973549856, 1, 'TRADE_SUCCESS', '2024060122001432650502834479');
INSERT INTO `payment` VALUES (1796896809338060801, 1796896800181895169, 8513973549856, 1.24, '2024-06-01 21:29:18', '2024-06-01 21:29:18', 8513973549856, 8513973549856, 0, 'TRADE_SUCCESS', '2024060122001432650502835959');
INSERT INTO `payment` VALUES (1796906952201125890, 1796906931313491970, 8562500698144, 3.98, '2024-06-01 22:09:36', '2024-06-01 22:09:36', 8562500698144, 8562500698144, 1, 'TRADE_SUCCESS', '2024060122001432650502827983');
INSERT INTO `payment` VALUES (1796907700217495554, 1796906931313491970, 8562500698144, 3.98, '2024-06-01 22:12:35', '2024-06-01 22:12:35', 8562500698144, 8562500698144, NULL, NULL, NULL);
INSERT INTO `payment` VALUES (1796914231742873601, 1796914217406742530, 8513973549856, 13.14, '2024-06-01 22:38:32', '2024-06-01 22:38:32', 8513973549856, 8513973549856, 1, 'TRADE_SUCCESS', '2024060122001432650502834480');
INSERT INTO `payment` VALUES (1796914878932369410, 1796914870564732930, 8513973549856, 7.52, '2024-06-01 22:41:06', '2024-06-01 22:41:06', 8513973549856, 8513973549856, NULL, NULL, NULL);
INSERT INTO `payment` VALUES (1796915002551091201, 1796914870564732930, 8513973549856, 7.52, '2024-06-01 22:41:36', '2024-06-01 22:41:36', 8513973549856, 8513973549856, NULL, NULL, NULL);
INSERT INTO `payment` VALUES (1796923064414420993, 1796923057804197889, 8513973549856, 1.88, '2024-06-01 23:13:38', '2024-06-01 23:13:38', 8513973549856, 8513973549856, 1, 'TRADE_SUCCESS', '2024060122001432650502834481');
INSERT INTO `payment` VALUES (1796934917706268673, 1796934906423590914, 8513973549856, 1.88, '2024-06-02 00:00:44', '2024-06-02 00:00:44', 8513973549856, 8513973549856, 1, 'TRADE_SUCCESS', '2024060222001432650502838613');
INSERT INTO `payment` VALUES (1796935866071957505, 1796935726334525442, 8513973549856, 2.58, '2024-06-02 00:04:30', '2024-06-02 00:04:30', 8513973549856, 8513973549856, NULL, NULL, NULL);
INSERT INTO `payment` VALUES (1796935935575769090, 1796935726334525442, 8513973549856, 2.58, '2024-06-02 00:04:47', '2024-06-02 00:04:47', 8513973549856, 8513973549856, NULL, NULL, NULL);
INSERT INTO `payment` VALUES (1796935981268516866, 1796935726334525442, 8513973549856, 2.58, '2024-06-02 00:04:58', '2024-06-02 00:04:58', 8513973549856, 8513973549856, NULL, NULL, NULL);
INSERT INTO `payment` VALUES (1796940798292443138, 1796940793485770754, 8513973549856, 1.88, '2024-06-02 00:24:06', '2024-06-02 00:24:06', 8513973549856, 8513973549856, 1, 'TRADE_SUCCESS', '2024060222001432650502830826');
INSERT INTO `payment` VALUES (1796947938054815746, 1796947923685130241, 8513973549856, 1.24, '2024-06-02 00:52:28', '2024-06-02 00:52:28', 8513973549856, 8513973549856, NULL, NULL, NULL);
INSERT INTO `payment` VALUES (1796949011440123905, 1796948989742989313, 8513973549856, 1.88, '2024-06-02 00:56:44', '2024-06-02 00:56:44', 8513973549856, 8513973549856, 1, 'TRADE_SUCCESS', '2024060222001432650502832806');
INSERT INTO `payment` VALUES (1796949183163318273, 1796948989742989313, 8513973549856, 1.88, '2024-06-02 00:57:25', '2024-06-02 00:57:25', 8513973549856, 8513973549856, NULL, NULL, NULL);
INSERT INTO `payment` VALUES (1796951421977935874, 1796951333243240450, 8513973549856, 2.19, '2024-06-02 01:06:19', '2024-06-02 01:06:19', 8513973549856, 8513973549856, 1, 'TRADE_SUCCESS', '2024060222001432650502835960');
INSERT INTO `payment` VALUES (1796955377265328129, 1796955340766494722, 8513973549856, 7.26, '2024-06-02 01:22:02', '2024-06-02 01:22:02', 8513973549856, 8513973549856, 1, 'TRADE_SUCCESS', '2024060222001432650502840102');
INSERT INTO `payment` VALUES (1796968010332815362, 1796967995321401345, 8513973549856, 6.86, '2024-06-02 02:12:14', '2024-06-02 02:12:14', 8513973549856, 8513973549856, 1, 'TRADE_SUCCESS', '2024060222001432650502832808');
INSERT INTO `payment` VALUES (1796972590089158657, 1796972581738299394, 8513973549856, 5.28, '2024-06-02 02:30:26', '2024-06-02 02:30:26', 8513973549856, 8513973549856, 1, 'TRADE_SUCCESS', '2024060222001432650502841386');
INSERT INTO `payment` VALUES (1796973710282899457, 1796973704062746626, 8513973549856, 2.58, '2024-06-02 02:34:53', '2024-06-02 02:34:53', 8513973549856, 8513973549856, 1, 'TRADE_SUCCESS', '2024060222001432650502841387');
INSERT INTO `payment` VALUES (1796974996797571074, 1796974976237092866, 8519267896608, 3.23, '2024-06-02 02:40:00', '2024-06-02 02:40:00', 8519267896608, 8519267896608, 1, 'TRADE_SUCCESS', '2024060222001432650502832809');
INSERT INTO `payment` VALUES (1796999985424809986, 1796999977191391234, 8513973549856, 6.32, '2024-06-02 04:19:17', '2024-06-02 04:19:17', 8513973549856, 8513973549856, 1, 'TRADE_SUCCESS', '2024060222001432650502834483');
INSERT INTO `payment` VALUES (1797051416907399170, 1797051399064829954, 8562500698144, 8.97, '2024-06-02 07:43:40', '2024-06-02 07:43:40', 8562500698144, 8562500698144, 1, 'TRADE_SUCCESS', '2024060222001432650502834484');
INSERT INTO `payment` VALUES (1797057055985549314, 1797056790834233345, 8571533410592, 8.81, '2024-06-02 08:06:04', '2024-06-02 08:06:04', 8571533410592, 8571533410592, 1, 'TRADE_SUCCESS', '2024060222001432650502835961');
INSERT INTO `payment` VALUES (1797067824559079425, 1797067795811319810, 8572349178912, 17.84, '2024-06-02 08:48:51', '2024-06-02 08:48:51', 8572349178912, 8572349178912, 1, 'TRADE_SUCCESS', '2024060222001432650502840103');
INSERT INTO `payment` VALUES (1797077155425861634, 1797077137327439874, 8513973549856, 3.98, '2024-06-02 09:25:56', '2024-06-02 09:25:56', 8513973549856, 8513973549856, 1, 'TRADE_SUCCESS', '2024060222001412940503231464');
INSERT INTO `payment` VALUES (1797086048998703106, 1797086037833465858, 8513973549856, 3959, '2024-06-02 10:01:16', '2024-06-02 10:01:16', 8513973549856, 8513973549856, 1, 'TRADE_SUCCESS', '2024060222001432650502841388');
INSERT INTO `payment` VALUES (1797096771778822145, 1797096662492037122, 1790735837504487424, 5.05, '2024-06-02 10:43:53', '2024-06-02 10:43:53', 1790735837504487424, 1790735837504487424, 1, 'TRADE_SUCCESS', '2024060222001432650502841389');
INSERT INTO `payment` VALUES (1797099630859698178, 1797099621980356609, 1790735837504487424, 35.59, '2024-06-02 10:55:15', '2024-06-02 10:55:15', 1790735837504487424, 1790735837504487424, 1, 'TRADE_SUCCESS', '2024060222001432650502842893');
INSERT INTO `payment` VALUES (1797102402032156673, 1797102085961990145, 8513973549856, 1559, '2024-06-02 11:06:15', '2024-06-02 11:06:15', 8513973549856, 8513973549856, NULL, NULL, NULL);
INSERT INTO `payment` VALUES (1797102855881015297, 1797102850386477058, 8513973549856, 2338.5, '2024-06-02 11:08:04', '2024-06-02 11:08:04', 8513973549856, 8513973549856, 1, 'TRADE_SUCCESS', '2024060222001432650502840104');
INSERT INTO `payment` VALUES (1797103995410497537, 1797103986879283202, 1790735837504487424, 2.49, '2024-06-02 11:12:35', '2024-06-02 11:12:35', 1790735837504487424, 1790735837504487424, 1, 'TRADE_SUCCESS', '2024060222001432650502835962');
INSERT INTO `payment` VALUES (1797111548878045185, 1797111541684813825, 8575039437600, 199, '2024-06-02 11:42:36', '2024-06-02 11:42:36', 8575039437600, 8575039437600, 1, 'TRADE_SUCCESS', '2024060222001432650502838614');
INSERT INTO `payment` VALUES (1797111778881093634, 1797111402853351426, 8575039437600, 3192, '2024-06-02 11:43:31', '2024-06-02 11:43:31', 8575039437600, 8575039437600, 1, 'TRADE_SUCCESS', '2024060222001432650502837419');
INSERT INTO `payment` VALUES (1797112846692171777, 1797112840866283521, 8575039437600, 3146, '2024-06-02 11:47:46', '2024-06-02 11:47:46', 8575039437600, 8575039437600, 1, 'TRADE_SUCCESS', '2024060222001432650502838615');
INSERT INTO `payment` VALUES (1797118121000091649, 1797118115652354049, 8575375339296, 1976, '2024-06-02 12:08:43', '2024-06-02 12:08:43', 8575375339296, 8575375339296, 1, 'TRADE_SUCCESS', '2024060222001432650502842894');
INSERT INTO `payment` VALUES (1797119027712147458, 1797119009383038978, 1790735837504487424, 323, '2024-06-02 12:12:19', '2024-06-02 12:12:19', 1790735837504487424, 1790735837504487424, 1, 'TRADE_SUCCESS', '2024060222001432650502832810');
INSERT INTO `payment` VALUES (1797119151582527490, 1797119145576284162, 8575375339296, 978, '2024-06-02 12:12:49', '2024-06-02 12:12:49', 8575375339296, 8575375339296, 1, 'TRADE_SUCCESS', '2024060222001432650502838616');
INSERT INTO `payment` VALUES (1797128217084084225, 1797128177657626626, 8513973549856, 884, '2024-06-02 12:48:50', '2024-06-02 12:48:50', 8513973549856, 8513973549856, 1, 'TRADE_SUCCESS', '2024060222001432650502841390');
INSERT INTO `payment` VALUES (1797151344543449090, 1797151183431843842, 8513973549856, 1234, '2024-06-02 14:20:44', '2024-06-02 14:20:44', 8513973549856, 8513973549856, 1, 'TRADE_SUCCESS', '2024060222001432650502840105');
INSERT INTO `payment` VALUES (1797151895637245954, 1797151883293409282, 8513973549856, 248, '2024-06-02 14:22:56', '2024-06-02 14:22:56', 8513973549856, 8513973549856, 1, 'TRADE_SUCCESS', '2024060222001432650502837420');
INSERT INTO `payment` VALUES (1797167548100296706, 1797167539648774145, 8575465700640, 1970, '2024-06-02 15:25:07', '2024-06-02 15:25:07', 8575465700640, 8575465700640, 1, 'TRADE_SUCCESS', '2024060222001432650502841391');
INSERT INTO `payment` VALUES (1797173352652128257, 1797173344838139906, 8513973549856, 530, '2024-06-02 15:48:11', '2024-06-02 15:48:11', 8513973549856, 8513973549856, 1, 'TRADE_SUCCESS', '2024060222001432650502835963');
INSERT INTO `payment` VALUES (1797183810742304769, 1797183760402268162, 8575465700640, 492, '2024-06-02 16:29:45', '2024-06-02 16:29:45', 8575465700640, 8575465700640, 1, 'TRADE_SUCCESS', '2024060222001432650502838617');

-- ----------------------------
-- Table structure for refund_apply
-- ----------------------------
DROP TABLE IF EXISTS `refund_apply`;
CREATE TABLE `refund_apply`  (
  `id` bigint NOT NULL COMMENT '退款id',
  `order_detail_id` bigint NOT NULL COMMENT '订单明细id',
  `order_id` bigint NOT NULL COMMENT '订单id',
  `pay_order_no` bigint NULL DEFAULT NULL COMMENT '流水支付单号',
  `refund_order_no` bigint NULL DEFAULT NULL COMMENT '流水退款单号',
  `user_id` bigint NOT NULL DEFAULT 0 COMMENT '订单所属用户id',
  `refund_classify` tinyint NOT NULL COMMENT '退款类别，1：仅退款，2：退货退款',
  `refund_amount` int NOT NULL COMMENT '退款金额',
  `status` int NOT NULL DEFAULT 1 COMMENT '退款状态，1：待审批，2：取消退款，3：同意退款，4：拒绝退款，5：退款成功，6：退款失败',
  `refund_reason` varchar(255) CHARACTER SET utf8mb4 COLLATE utf8mb4_0900_ai_ci NOT NULL COMMENT '申请退款原因',
  `message` varchar(255) CHARACTER SET utf8mb4 COLLATE utf8mb4_0900_ai_ci NOT NULL COMMENT '退款状态描述',
  `approver` bigint NULL DEFAULT NULL COMMENT '审批人id',
  `approve_opinion` varchar(255) CHARACTER SET utf8mb4 COLLATE utf8mb4_0900_ai_ci NULL DEFAULT NULL COMMENT '审批意见',
  `remark` varchar(255) CHARACTER SET utf8mb4 COLLATE utf8mb4_0900_ai_ci NULL DEFAULT NULL COMMENT '审批备注',
  `failed_reason` varchar(255) CHARACTER SET utf8mb4 COLLATE utf8mb4_0900_ai_ci NULL DEFAULT NULL COMMENT '退款失败原因',
  `question_desc` varchar(255) CHARACTER SET utf8mb4 COLLATE utf8mb4_0900_ai_ci NULL DEFAULT NULL COMMENT '退款问题说明',
  `approve_time` datetime(0) NULL DEFAULT NULL COMMENT '审批时间',
  `finish_time` datetime(0) NULL DEFAULT NULL COMMENT '退款完成时间（成功或失败）',
  `create_time` datetime(0) NOT NULL DEFAULT CURRENT_TIMESTAMP(0) COMMENT '创建退款申请时间',
  `update_time` datetime(0) NOT NULL DEFAULT CURRENT_TIMESTAMP(0) ON UPDATE CURRENT_TIMESTAMP(0) COMMENT '更新时间',
  `creater` bigint NOT NULL COMMENT '创建人',
  `updater` bigint NOT NULL COMMENT '更新人',
  PRIMARY KEY (`id`) USING BTREE
) ENGINE = InnoDB CHARACTER SET = utf8mb4 COLLATE = utf8mb4_0900_ai_ci COMMENT = '退款申请' ROW_FORMAT = DYNAMIC;

-- ----------------------------
-- Records of refund_apply
-- ----------------------------
INSERT INTO `refund_apply` VALUES (1795722041689755649, 1795435737959313410, 1795435737573437442, NULL, NULL, 1792188141227216896, 1, 19085, 3, 'test', '管理员申请', NULL, NULL, NULL, NULL, 'test', NULL, NULL, '2024-05-29 15:41:12', '2024-05-29 15:41:12', 1792188141227216896, 1792188141227216896);
INSERT INTO `refund_apply` VALUES (1797003023552135170, 1796999977266888705, 1796999977191391234, NULL, NULL, 8513973549856, 2, 299, 3, '不想要了', '管理员申请', NULL, NULL, NULL, NULL, '不要脸', NULL, NULL, '2024-06-02 04:31:22', '2024-06-02 04:31:22', 8513973549856, 8513973549856);
INSERT INTO `refund_apply` VALUES (1797004325455708162, 1796973704146632705, 1796973704062746626, NULL, NULL, 8513973549856, 2, 129, 3, '不要了', '管理员申请', NULL, NULL, NULL, NULL, '不要了', NULL, NULL, '2024-06-02 04:36:32', '2024-06-02 04:36:32', 8513973549856, 8513973549856);
INSERT INTO `refund_apply` VALUES (1797011839425495042, 1796951333306155010, 1796951333243240450, NULL, NULL, 8513973549856, 1, 219, 3, 'byl', '管理员申请', NULL, NULL, NULL, NULL, 'byl', NULL, NULL, '2024-06-02 05:06:24', '2024-06-02 05:06:24', 8513973549856, 8513973549856);
INSERT INTO `refund_apply` VALUES (1797012402947014658, 1796896800299335681, 1796896800181895169, NULL, NULL, 8513973549856, 1, 124, 3, '不要了', '同意退款', 1792188141227216896, NULL, NULL, NULL, '不要了', '2024-06-02 05:14:25', NULL, '2024-06-02 05:08:38', '2024-06-02 05:14:24', 8513973549856, 8513973549856);
INSERT INTO `refund_apply` VALUES (1797051976964423682, 1797051399308099585, 1797051399064829954, NULL, NULL, 8562500698144, 2, 299, 3, '不要了', '管理员申请', NULL, NULL, NULL, NULL, '不喜欢', NULL, NULL, '2024-06-02 07:45:53', '2024-06-02 07:45:53', 8562500698144, 8562500698144);
INSERT INTO `refund_apply` VALUES (1797069081516490753, 1797067795861651458, 1797067795811319810, NULL, NULL, 8572349178912, 1, 399, 3, '', '管理员申请', NULL, NULL, NULL, NULL, '', NULL, NULL, '2024-06-02 08:53:51', '2024-06-02 08:53:51', 8572349178912, 8572349178912);
INSERT INTO `refund_apply` VALUES (1797097150306369537, 1797096662513008642, 1797096662492037122, NULL, NULL, 1790735837504487424, 1, 276, 3, '不喜欢', '管理员申请', NULL, NULL, NULL, NULL, '非常不喜欢', NULL, NULL, '2024-06-02 10:45:23', '2024-06-02 10:45:23', 1790735837504487424, 1790735837504487424);
INSERT INTO `refund_apply` VALUES (1797099960733319170, 1797099622001328130, 1797099621980356609, NULL, NULL, 1790735837504487424, 1, 3559, 3, '不要了', '管理员申请', NULL, NULL, NULL, NULL, '不要了', NULL, NULL, '2024-06-02 10:56:33', '2024-06-02 10:56:33', 1790735837504487424, 1790735837504487424);
INSERT INTO `refund_apply` VALUES (1797104632151982082, 1797103986925420546, 1797103986879283202, NULL, NULL, 1790735837504487424, 1, 249, 3, '不要了', '同意退款', 1792188141227216896, NULL, NULL, NULL, '不想要', '2024-06-02 11:15:25', NULL, '2024-06-02 11:15:07', '2024-06-02 11:15:25', 1790735837504487424, 1790735837504487424);
INSERT INTO `refund_apply` VALUES (1797113130441031681, 1797111402870128641, 1797111402853351426, NULL, NULL, 8575039437600, 1, 39900, 1, '不想买了', '用户申请', NULL, NULL, NULL, NULL, '不想买了', NULL, NULL, '2024-06-02 11:48:53', '2024-06-02 11:48:53', 8575039437600, 8575039437600);
INSERT INTO `refund_apply` VALUES (1797118726695337985, 1797118115669131265, 1797118115652354049, NULL, NULL, 8575375339296, 2, 98800, 1, '不想要了', '用户申请', NULL, NULL, NULL, NULL, '无理由', NULL, NULL, '2024-06-02 12:11:07', '2024-06-02 12:11:07', 8575375339296, 8575375339296);
INSERT INTO `refund_apply` VALUES (1797128692642660353, 1797128177670209538, 1797128177657626626, NULL, NULL, 8513973549856, 1, 16200, 3, '不想要了', '同意退款', 1792188141227216896, NULL, NULL, NULL, '不想要了', '2024-06-02 12:51:55', NULL, '2024-06-02 12:50:44', '2024-06-02 12:51:54', 8513973549856, 8513973549856);
INSERT INTO `refund_apply` VALUES (1797133449000173570, 1797102850394865665, 1797102850386477058, NULL, NULL, 8513973549856, 2, 77950, 3, '不要了', '同意退款', 1792188141227216896, NULL, NULL, NULL, '不要了', '2024-06-02 13:10:51', NULL, '2024-06-02 13:09:38', '2024-06-02 13:10:50', 8513973549856, 8513973549856);
INSERT INTO `refund_apply` VALUES (1797173574279151618, 1797173344930414594, 1797173344838139906, NULL, NULL, 8513973549856, 2, 53000, 3, '不想要了', '同意退款', 1792188141227216896, NULL, NULL, NULL, '不想要了', '2024-06-02 15:49:34', NULL, '2024-06-02 15:49:04', '2024-06-02 15:49:33', 8513973549856, 8513973549856);
INSERT INTO `refund_apply` VALUES (1797184130868363266, 1797183760419045377, 1797183760402268162, NULL, NULL, 8575465700640, 2, 12400, 3, '不想要了', '同意退款', 1792188141227216896, NULL, NULL, NULL, '不想要了', '2024-06-02 16:31:15', NULL, '2024-06-02 16:31:01', '2024-06-02 16:31:14', 8575465700640, 8575465700640);

-- ----------------------------
-- Table structure for shopping_chart
-- ----------------------------
DROP TABLE IF EXISTS `shopping_chart`;
CREATE TABLE `shopping_chart`  (
  `id` bigint NOT NULL,
  `user_id` bigint NOT NULL COMMENT '用户id',
  `spu_id` bigint NOT NULL COMMENT 'spu',
  `sku_id` bigint NOT NULL COMMENT 'sku',
  `quantity` int NOT NULL COMMENT '数量',
  `price` int NOT NULL COMMENT '总金额',
  `deleted` tinyint NOT NULL DEFAULT 0,
  `update_time` datetime(0) NOT NULL DEFAULT CURRENT_TIMESTAMP(0),
  `create_time` datetime(0) NOT NULL DEFAULT CURRENT_TIMESTAMP(0),
  `creater` bigint NOT NULL,
  `updater` bigint NOT NULL,
  PRIMARY KEY (`id`) USING BTREE
) ENGINE = InnoDB CHARACTER SET = utf8mb4 COLLATE = utf8mb4_general_ci ROW_FORMAT = Dynamic;

-- ----------------------------
-- Records of shopping_chart
-- ----------------------------
INSERT INTO `shopping_chart` VALUES (8519267896608, 1792188141227216896, 1791424119483080706, 1796146569819181057, 1, 19099, 0, '2024-05-31 20:06:49', '2024-05-31 20:06:49', 1792188141227216896, 1792188141227216896);
INSERT INTO `shopping_chart` VALUES (1796692429506658305, 8513973549856, 1796589026782744577, 1796618187584835586, 2, 129, 1, '2024-06-01 07:57:10', '2024-06-01 07:57:10', 8513973549856, 8513973549856);
INSERT INTO `shopping_chart` VALUES (1796705565802545153, 8513973549856, 1796589026782744577, 1796618187584835586, 3, 129, 1, '2024-06-01 08:49:22', '2024-06-01 08:49:22', 8513973549856, 8513973549856);
INSERT INTO `shopping_chart` VALUES (1796712151803543553, 8513973549856, 1791424119483080706, 1796146569819181057, 1, 19015, 1, '2024-06-01 09:15:32', '2024-06-01 09:15:32', 8513973549856, 8513973549856);
INSERT INTO `shopping_chart` VALUES (1796815632954605570, 8513973549856, 1791424119483080706, 1796146569819181057, 1, 19015, 1, '2024-06-01 16:06:44', '2024-06-01 16:06:44', 8513973549856, 8513973549856);
INSERT INTO `shopping_chart` VALUES (1796830429959995394, 8513973549856, 1791424119483080706, 1796146569827569666, 1, 19099, 1, '2024-06-01 17:05:32', '2024-06-01 17:05:32', 8513973549856, 8513973549856);
INSERT INTO `shopping_chart` VALUES (1796834514004131841, 8513973549856, 1796589026782744577, 1796718439700631554, 2, 124, 1, '2024-06-01 17:21:46', '2024-06-01 17:21:46', 8513973549856, 8513973549856);
INSERT INTO `shopping_chart` VALUES (1796836665392676866, 8513973549856, 1796589026782744577, 1796718439700631554, 1, 124, 1, '2024-06-01 17:30:19', '2024-06-01 17:30:19', 8513973549856, 8513973549856);
INSERT INTO `shopping_chart` VALUES (1796840827727691778, 8513973549856, 1791424119483080706, 1796146569827569666, 1, 19099, 1, '2024-06-01 17:46:51', '2024-06-01 17:46:51', 8513973549856, 8513973549856);
INSERT INTO `shopping_chart` VALUES (1796846516223131650, 8513973549856, 1791424119483080706, 1796146569819181057, 1, 19015, 1, '2024-06-01 18:09:27', '2024-06-01 18:09:27', 8513973549856, 8513973549856);
INSERT INTO `shopping_chart` VALUES (1796847504355016705, 8513973549856, 1796589026782744577, 1796618187584835586, 1, 129, 1, '2024-06-01 18:13:23', '2024-06-01 18:13:23', 8513973549856, 8513973549856);
INSERT INTO `shopping_chart` VALUES (1796848317894803457, 8513973549856, 1791424119483080706, 1796146569827569666, 2, 19099, 1, '2024-06-01 18:16:37', '2024-06-01 18:16:37', 8513973549856, 8513973549856);
INSERT INTO `shopping_chart` VALUES (1796853847644225537, 8513973549856, 1796589026782744577, 1796618187584835586, 1, 129, 1, '2024-06-01 18:38:35', '2024-06-01 18:38:35', 8513973549856, 8513973549856);
INSERT INTO `shopping_chart` VALUES (1796864324885594114, 8513973549856, 1796589026782744577, 1796618187584835586, 1, 129, 1, '2024-06-01 19:20:13', '2024-06-01 19:20:13', 8513973549856, 8513973549856);
INSERT INTO `shopping_chart` VALUES (1796868497362436097, 8513973549856, 1796589026782744577, 1796618187584835586, 1, 129, 1, '2024-06-01 19:36:48', '2024-06-01 19:36:48', 8513973549856, 8513973549856);
INSERT INTO `shopping_chart` VALUES (1796869282888466434, 8513973549856, 1796589026782744577, 1796618187584835586, 1, 129, 1, '2024-06-01 19:39:55', '2024-06-01 19:39:55', 8513973549856, 8513973549856);
INSERT INTO `shopping_chart` VALUES (1796870334236901378, 8513973549856, 1796589026782744577, 1796618187584835586, 1, 129, 1, '2024-06-01 19:44:06', '2024-06-01 19:44:06', 8513973549856, 8513973549856);
INSERT INTO `shopping_chart` VALUES (1796872754450972673, 8513973549856, 1796589026782744577, 1796718439700631554, 1, 124, 1, '2024-06-01 19:53:43', '2024-06-01 19:53:43', 8513973549856, 8513973549856);
INSERT INTO `shopping_chart` VALUES (1796882334501355522, 8513973549856, 1796589026782744577, 1796618187584835586, 1, 129, 1, '2024-06-01 20:31:47', '2024-06-01 20:31:47', 8513973549856, 8513973549856);
INSERT INTO `shopping_chart` VALUES (1796896734373265410, 8513973549856, 1796589026782744577, 1796718439700631554, 1, 124, 1, '2024-06-01 21:29:00', '2024-06-01 21:29:00', 8513973549856, 8513973549856);
INSERT INTO `shopping_chart` VALUES (1796904698417037313, 8513973549856, 1791424119483080706, 1796146569819181057, 2, 19015, 1, '2024-06-01 22:00:39', '2024-06-01 22:00:39', 8513973549856, 8513973549856);
INSERT INTO `shopping_chart` VALUES (1796905764571365377, 8562500698144, 1796886168793518082, 1796888433369550849, 1, 249, 1, '2024-06-01 22:04:53', '2024-06-01 22:04:53', 8562500698144, 8562500698144);
INSERT INTO `shopping_chart` VALUES (1796905871987490818, 8562500698144, 1796886168793518082, 1796887916971036674, 2, 199, 1, '2024-06-01 22:05:19', '2024-06-01 22:05:19', 8562500698144, 8562500698144);
INSERT INTO `shopping_chart` VALUES (1796906814493736962, 8513973549856, 1791424119483080706, 1796146569819181057, 140030, 19015, 1, '2024-06-01 22:09:04', '2024-06-01 22:09:04', 8513973549856, 8513973549856);
INSERT INTO `shopping_chart` VALUES (1796907785491890178, 8513973549856, 1796886168793518082, 1796888060705640449, 6, 219, 1, '2024-06-01 22:12:55', '2024-06-01 22:12:55', 8513973549856, 8513973549856);
INSERT INTO `shopping_chart` VALUES (1796914766214643713, 8513973549856, 1796901559536193537, 1796910967120990210, 4, 188, 1, '2024-06-01 22:40:39', '2024-06-01 22:40:39', 8513973549856, 8513973549856);
INSERT INTO `shopping_chart` VALUES (1796921987346513922, 8513973549856, 1796589026782744577, 1796618187584835586, 3, 129, 1, '2024-06-01 23:09:21', '2024-06-01 23:09:21', 8513973549856, 8513973549856);
INSERT INTO `shopping_chart` VALUES (1796922109883105282, 8513973549856, 1796901559536193537, 1796910967120990210, 1, 188, 1, '2024-06-01 23:09:50', '2024-06-01 23:09:50', 8513973549856, 8513973549856);
INSERT INTO `shopping_chart` VALUES (1796922740911947777, 8513973549856, 1796589026782744577, 1796718439700631554, 14, 124, 1, '2024-06-01 23:12:21', '2024-06-01 23:12:21', 8513973549856, 8513973549856);
INSERT INTO `shopping_chart` VALUES (1796922912224100353, 8513973549856, 1796589026782744577, 1796618187584835586, 1, 129, 1, '2024-06-01 23:13:02', '2024-06-01 23:13:02', 8513973549856, 8513973549856);
INSERT INTO `shopping_chart` VALUES (1796927499660214274, 8513973549856, 1796901559536193537, 1796910967120990210, 1, 188, 1, '2024-06-01 23:31:15', '2024-06-01 23:31:15', 8513973549856, 8513973549856);
INSERT INTO `shopping_chart` VALUES (1796935413355560961, 8513973549856, 1796589026782744577, 1796618187584835586, 2, 129, 1, '2024-06-02 00:02:42', '2024-06-02 00:02:42', 8513973549856, 8513973549856);
INSERT INTO `shopping_chart` VALUES (1796935534038269954, 8513973549856, 1796886168793518082, 1796888060705640449, 1, 219, 1, '2024-06-02 00:03:11', '2024-06-02 00:03:11', 8513973549856, 8513973549856);
INSERT INTO `shopping_chart` VALUES (1796940755598622722, 8513973549856, 1796901559536193537, 1796910967120990210, 1, 188, 1, '2024-06-02 00:23:56', '2024-06-02 00:23:56', 8513973549856, 8513973549856);
INSERT INTO `shopping_chart` VALUES (1796940806500696066, 8513973549856, 1796589026782744577, 1796718439700631554, 1, 124, 1, '2024-06-02 00:24:08', '2024-06-02 00:24:08', 8513973549856, 8513973549856);
INSERT INTO `shopping_chart` VALUES (1796948887133536258, 8513973549856, 1796901559536193537, 1796910967120990210, 1, 188, 1, '2024-06-02 00:56:15', '2024-06-02 00:56:15', 8513973549856, 8513973549856);
INSERT INTO `shopping_chart` VALUES (1796951298950610946, 8513973549856, 1796589026782744577, 1796618187584835586, 1, 129, 1, '2024-06-02 01:05:50', '2024-06-02 01:05:50', 8513973549856, 8513973549856);
INSERT INTO `shopping_chart` VALUES (1796954721100021762, 8513973549856, 1796886168793518082, 1796888060705640449, 2, 219, 1, '2024-06-02 01:19:25', '2024-06-02 01:19:25', 8513973549856, 8513973549856);
INSERT INTO `shopping_chart` VALUES (1796954933679931394, 8513973549856, 1796901559536193537, 1796944053531578370, 1, 199, 1, '2024-06-02 01:20:16', '2024-06-02 01:20:16', 8513973549856, 8513973549856);
INSERT INTO `shopping_chart` VALUES (1796955237985075201, 8513973549856, 1796589026782744577, 1796618187584835586, 1, 129, 1, '2024-06-02 01:21:29', '2024-06-02 01:21:29', 8513973549856, 8513973549856);
INSERT INTO `shopping_chart` VALUES (1796955279705817090, 8513973549856, 1796886168793518082, 1796887916971036674, 1, 199, 1, '2024-06-02 01:21:39', '2024-06-02 01:21:39', 8513973549856, 8513973549856);
INSERT INTO `shopping_chart` VALUES (1796955308424216578, 8513973549856, 1796901559536193537, 1796944053531578370, 2, 199, 1, '2024-06-02 01:21:46', '2024-06-02 01:21:46', 8513973549856, 8513973549856);
INSERT INTO `shopping_chart` VALUES (1796961945151127553, 8513973549856, 1796589026782744577, 1796618187584835586, 3, 129, 1, '2024-06-02 01:48:08', '2024-06-02 01:48:08', 8513973549856, 8513973549856);
INSERT INTO `shopping_chart` VALUES (1796967838861279233, 8513973549856, 1796962346384494594, 1796963250819043329, 1, 299, 1, '2024-06-02 02:11:33', '2024-06-02 02:11:33', 8513973549856, 8513973549856);
INSERT INTO `shopping_chart` VALUES (1796972426741989378, 8513973549856, 1796962346384494594, 1796963350492483586, 1, 399, 1, '2024-06-02 02:29:47', '2024-06-02 02:29:47', 8513973549856, 8513973549856);
INSERT INTO `shopping_chart` VALUES (1796972486749896705, 8513973549856, 1796589026782744577, 1796618187584835586, 1, 129, 1, '2024-06-02 02:30:01', '2024-06-02 02:30:01', 8513973549856, 8513973549856);
INSERT INTO `shopping_chart` VALUES (1796973366266085377, 8513973549856, 1796589026782744577, 1796618187584835586, 2, 129, 1, '2024-06-02 02:33:31', '2024-06-02 02:33:31', 8513973549856, 8513973549856);
INSERT INTO `shopping_chart` VALUES (1796974078626676738, 8513973549856, 1796589026782744577, 1796618187584835586, 2, 129, 1, '2024-06-02 02:36:21', '2024-06-02 02:36:21', 8513973549856, 8513973549856);
INSERT INTO `shopping_chart` VALUES (1796974393027510274, 8519267896608, 1796589026782744577, 1796718439700631554, 1, 124, 1, '2024-06-02 02:37:36', '2024-06-02 02:37:36', 8519267896608, 8519267896608);
INSERT INTO `shopping_chart` VALUES (1796974446647492609, 8519267896608, 1796901559536193537, 1796944053531578370, 1, 199, 1, '2024-06-02 02:37:48', '2024-06-02 02:37:48', 8519267896608, 8519267896608);
INSERT INTO `shopping_chart` VALUES (1796974577107124226, 8513973549856, 1796966761606680578, 1796967240470368258, 2, 265, 1, '2024-06-02 02:38:20', '2024-06-02 02:38:20', 8513973549856, 8513973549856);
INSERT INTO `shopping_chart` VALUES (1796974585885802497, 8513973549856, 1796966761606680578, 1796967005522235393, 2, 265, 1, '2024-06-02 02:38:22', '2024-06-02 02:38:22', 8513973549856, 8513973549856);
INSERT INTO `shopping_chart` VALUES (1796974673899077634, 8513973549856, 1796962346384494594, 1796963135278551042, 1, 299, 1, '2024-06-02 02:38:43', '2024-06-02 02:38:43', 8513973549856, 8513973549856);
INSERT INTO `shopping_chart` VALUES (1796975259113537538, 8513973549856, 1796966761606680578, 1796966976380211202, 2, 265, 1, '2024-06-02 02:41:02', '2024-06-02 02:41:02', 8513973549856, 8513973549856);
INSERT INTO `shopping_chart` VALUES (1796978850746384385, 8519267896608, 1796962346384494594, 1796963107948466177, 1, 299, 1, '2024-06-02 02:55:18', '2024-06-02 02:55:18', 8519267896608, 8519267896608);
INSERT INTO `shopping_chart` VALUES (1796990184175222786, 8513973549856, 1796589026782744577, 1796618187584835586, 1, 129, 1, '2024-06-02 03:40:21', '2024-06-02 03:40:21', 8513973549856, 8513973549856);
INSERT INTO `shopping_chart` VALUES (1796994702208188417, 8513973549856, 1796589026782744577, 1796718439700631554, 1, 124, 1, '2024-06-02 03:58:18', '2024-06-02 03:58:18', 8513973549856, 8513973549856);
INSERT INTO `shopping_chart` VALUES (1796996375039229954, 8519267896608, 1796962346384494594, 1796963107948466177, 1, 299, 0, '2024-06-02 04:04:57', '2024-06-02 04:04:57', 8519267896608, 8519267896608);
INSERT INTO `shopping_chart` VALUES (1796999899257028610, 8513973549856, 1796972080793653250, 1796972380329873410, 1, 209, 1, '2024-06-02 04:18:57', '2024-06-02 04:18:57', 8513973549856, 8513973549856);
INSERT INTO `shopping_chart` VALUES (1797000277641969666, 8513973549856, 1796962346384494594, 1796963250819043329, 1, 399, 1, '2024-06-02 04:20:27', '2024-06-02 04:20:27', 8513973549856, 8513973549856);
INSERT INTO `shopping_chart` VALUES (1797051286917529601, 8562500698144, 1796989355114369026, 1796989844174409730, 3, 299, 1, '2024-06-02 07:43:09', '2024-06-02 07:43:09', 8562500698144, 8562500698144);
INSERT INTO `shopping_chart` VALUES (1797055982944174081, 8571533410592, 1796980975482179586, 1796981132705665026, 1, 229, 1, '2024-06-02 08:01:48', '2024-06-02 08:01:48', 8571533410592, 8571533410592);
INSERT INTO `shopping_chart` VALUES (1797056243536281602, 8571533410592, 1796901559536193537, 1796910967120990210, 2, 188, 1, '2024-06-02 08:02:50', '2024-06-02 08:02:50', 8571533410592, 8571533410592);
INSERT INTO `shopping_chart` VALUES (1797056329829892098, 8571533410592, 1796971365564157954, 1796971544241508354, 1, 276, 1, '2024-06-02 08:03:11', '2024-06-02 08:03:11', 8571533410592, 8571533410592);
INSERT INTO `shopping_chart` VALUES (1797065930646274050, 8572290023456, 1796980975482179586, 1796981302235238402, 36, 229, 0, '2024-06-02 08:41:20', '2024-06-02 08:41:20', 8572290023456, 8572290023456);
INSERT INTO `shopping_chart` VALUES (1797066044320301057, 8572290023456, 1796972080793653250, 1796973630161162242, 24, 209, 0, '2024-06-02 08:41:47', '2024-06-02 08:41:47', 8572290023456, 8572290023456);
INSERT INTO `shopping_chart` VALUES (1797067525379375105, 8572349178912, 1796965137685417985, 1796965273773805569, 4, 399, 1, '2024-06-02 08:47:40', '2024-06-02 08:47:40', 8572349178912, 8572349178912);
INSERT INTO `shopping_chart` VALUES (1797067567125282818, 8572349178912, 1796901559536193537, 1796910967120990210, 1, 188, 1, '2024-06-02 08:47:50', '2024-06-02 08:47:50', 8572349178912, 8572349178912);
INSERT INTO `shopping_chart` VALUES (1797072487844986881, 8572691172640, 1796984131863711745, 1796984805242441729, 2, 1469, 0, '2024-06-02 09:07:23', '2024-06-02 09:07:23', 8572691172640, 8572691172640);
INSERT INTO `shopping_chart` VALUES (1797076968326348802, 8572691172640, 1797075426066042881, 1797076520116686849, 3, 4500, 0, '2024-06-02 09:25:11', '2024-06-02 09:25:11', 8572691172640, 8572691172640);
INSERT INTO `shopping_chart` VALUES (1797077018511196161, 8513973549856, 1796886168793518082, 1796887916971036674, 2, 199, 1, '2024-06-02 09:25:23', '2024-06-02 09:25:23', 8513973549856, 8513973549856);
INSERT INTO `shopping_chart` VALUES (1797078494943952898, 8513973549856, 1796962346384494594, 1796963350492483586, 100, 399, 1, '2024-06-02 09:31:15', '2024-06-02 09:31:15', 8513973549856, 8513973549856);
INSERT INTO `shopping_chart` VALUES (1797085569858191362, 8513973549856, 1797084172985044993, 1797084930379878401, 4, 99600, 1, '2024-06-02 09:59:22', '2024-06-02 09:59:22', 8513973549856, 8513973549856);
INSERT INTO `shopping_chart` VALUES (1797086067642384386, 8513973549856, 1797085062240407553, 1797085616614150145, 1, 18000, 1, '2024-06-02 10:01:21', '2024-06-02 10:01:21', 8513973549856, 8513973549856);
INSERT INTO `shopping_chart` VALUES (1797089826581823489, 8513973549856, 1797085062240407553, 1797085782196883457, 5, 18000, 1, '2024-06-02 10:16:17', '2024-06-02 10:16:17', 8513973549856, 8513973549856);
INSERT INTO `shopping_chart` VALUES (1797094436809785345, 1790735837504487424, 1796971365564157954, 1796971544241508354, 1, 276, 1, '2024-06-02 10:34:36', '2024-06-02 10:34:36', 1790735837504487424, 1790735837504487424);
INSERT INTO `shopping_chart` VALUES (1797094825638543362, 1790735837504487424, 1796980975482179586, 1796981098098462721, 1, 229, 1, '2024-06-02 10:36:09', '2024-06-02 10:36:09', 1790735837504487424, 1790735837504487424);
INSERT INTO `shopping_chart` VALUES (1797099576266637314, 1790735837504487424, 1796986383676477441, 1796987147941580801, 1, 3559, 1, '2024-06-02 10:55:02', '2024-06-02 10:55:02', 1790735837504487424, 1790735837504487424);
INSERT INTO `shopping_chart` VALUES (1797101994945593345, 8513973549856, 1797083911646351361, 1797101967600783362, 2, 77950, 1, '2024-06-02 11:04:38', '2024-06-02 11:04:38', 8513973549856, 8513973549856);
INSERT INTO `shopping_chart` VALUES (1797102537088745474, 8513973549856, 1797083911646351361, 1797101967600783362, 3, 77950, 1, '2024-06-02 11:06:48', '2024-06-02 11:06:48', 8513973549856, 8513973549856);
INSERT INTO `shopping_chart` VALUES (1797103938200190978, 1790735837504487424, 1796886168793518082, 1796888433369550849, 1, 249, 1, '2024-06-02 11:12:22', '2024-06-02 11:12:22', 1790735837504487424, 1790735837504487424);
INSERT INTO `shopping_chart` VALUES (1797111133428039682, 8575039437600, 1796990405888184321, 1796990584066412546, 8, 39900, 1, '2024-06-02 11:40:57', '2024-06-02 11:40:57', 8575039437600, 8575039437600);
INSERT INTO `shopping_chart` VALUES (1797111509422227457, 8575039437600, 1796886168793518082, 1796887916971036674, 1, 19900, 1, '2024-06-02 11:42:27', '2024-06-02 11:42:27', 8575039437600, 8575039437600);
INSERT INTO `shopping_chart` VALUES (1797112353161003009, 8575039437600, 1796979242395766786, 1796979842806190081, 2, 8900, 1, '2024-06-02 11:45:48', '2024-06-02 11:45:48', 8575039437600, 8575039437600);
INSERT INTO `shopping_chart` VALUES (1797112407695343617, 8575039437600, 1796976598293942274, 1797105648656191490, 1, 149900, 1, '2024-06-02 11:46:01', '2024-06-02 11:46:01', 8575039437600, 8575039437600);
INSERT INTO `shopping_chart` VALUES (1797112511256903682, 8575039437600, 1796984131863711745, 1796985368847847425, 1, 146900, 1, '2024-06-02 11:46:26', '2024-06-02 11:46:26', 8575039437600, 8575039437600);
INSERT INTO `shopping_chart` VALUES (1797117182331633666, 8575375339296, 1797083911646351361, 1797117096241401858, 1, 97800, 1, '2024-06-02 12:04:59', '2024-06-02 12:04:59', 8575375339296, 8575375339296);
INSERT INTO `shopping_chart` VALUES (1797117558023831554, 8575375339296, 1797083911646351361, 1797117518515539969, 2, 98800, 1, '2024-06-02 12:06:29', '2024-06-02 12:06:29', 8575375339296, 8575375339296);
INSERT INTO `shopping_chart` VALUES (1797118891602788354, 1790735837504487424, 1796901559536193537, 1796910967120990210, 1, 18800, 1, '2024-06-02 12:11:47', '2024-06-02 12:11:47', 1790735837504487424, 1790735837504487424);
INSERT INTO `shopping_chart` VALUES (1797118945474428930, 1790735837504487424, 1797113195760979970, 1797113367786164226, 1, 13500, 1, '2024-06-02 12:12:00', '2024-06-02 12:12:00', 1790735837504487424, 1790735837504487424);
INSERT INTO `shopping_chart` VALUES (1797119717515771906, 8575375339296, 1796989355114369026, 1796989560408772609, 2, 29900, 1, '2024-06-02 12:15:04', '2024-06-02 12:15:04', 8575375339296, 8575375339296);
INSERT INTO `shopping_chart` VALUES (1797121605107761153, 8575375339296, 1797083911646351361, 1797117096241401858, 1, 97800, 1, '2024-06-02 12:22:34', '2024-06-02 12:22:34', 8575375339296, 8575375339296);
INSERT INTO `shopping_chart` VALUES (1797121613227933698, 8575375339296, 1797083911646351361, 1797117518515539969, 1, 98800, 1, '2024-06-02 12:22:36', '2024-06-02 12:22:36', 8575375339296, 8575375339296);
INSERT INTO `shopping_chart` VALUES (1797121620421165057, 8575375339296, 1797083911646351361, 1797101967600783362, 1, 77950, 1, '2024-06-02 12:22:37', '2024-06-02 12:22:37', 8575375339296, 8575375339296);
INSERT INTO `shopping_chart` VALUES (1797129098009559042, 8513973549856, 1796971365564157954, 1796971565519212546, 4, 27600, 1, '2024-06-02 12:52:20', '2024-06-02 12:52:20', 8513973549856, 8513973549856);
INSERT INTO `shopping_chart` VALUES (1797145087883395074, 8575375339296, 1797110463218061314, 1797111022679494657, 1, 23100, 0, '2024-06-02 13:55:52', '2024-06-02 13:55:52', 8575375339296, 8575375339296);
INSERT INTO `shopping_chart` VALUES (1797151652942233602, 8513973549856, 1796589026782744577, 1796718439700631554, 2, 12400, 1, '2024-06-02 14:21:58', '2024-06-02 14:21:58', 8513973549856, 8513973549856);
INSERT INTO `shopping_chart` VALUES (1797166737140006913, 8575465700640, 1797166148907700225, 1797166403187380226, 2, 99800, 1, '2024-06-02 15:21:54', '2024-06-02 15:21:54', 8575465700640, 8575465700640);
INSERT INTO `shopping_chart` VALUES (1797173297979375617, 8513973549856, 1796966761606680578, 1796966976380211202, 2, 26500, 1, '2024-06-02 15:47:58', '2024-06-02 15:47:58', 8513973549856, 8513973549856);
INSERT INTO `shopping_chart` VALUES (1797183355614183425, 8575465700640, 1796589026782744577, 1796718439700631554, 1, 12400, 1, '2024-06-02 16:27:56', '2024-06-02 16:27:56', 8575465700640, 8575465700640);
INSERT INTO `shopping_chart` VALUES (1797183470970126338, 8575465700640, 1796591330982367234, 1796960156324466690, 1, 18900, 1, '2024-06-02 16:28:24', '2024-06-02 16:28:24', 8575465700640, 8575465700640);
INSERT INTO `shopping_chart` VALUES (1797183480071766017, 8575465700640, 1796591330982367234, 1796960782135595009, 1, 18900, 1, '2024-06-02 16:28:26', '2024-06-02 16:28:26', 8575465700640, 8575465700640);

SET FOREIGN_KEY_CHECKS = 1;
